tweet_id,username,number_of_followers,created_at,tweet_text,source,likes,retweets,user_location
931860728369336320,Andy_Burton,73293,2017-11-18 12:24:45,Well this certainly say it all about what we should do in #Brexit terms. Stick to what you said #remoaners Let's... https://t.co/mt5jLo7eVn,Facebook,0,0,"Grimsby, England"
931860710308630528,Darth_Marenghi,150,2017-11-18 12:24:41,"RT @SKZCartoons: ""Away (with the fairies) Day""

THAT DAVID DAVIS #BREXIT CONVERSATION IN FULL

#StopBrexit https://t.co/PRLst8xk73",Twitter for Android,0,437,
931860695355936768,_TOUGH_GIRL,7614,2017-11-18 12:24:37,"RT @joymwhyte: @RachelCrasnowQC EU principles provide a legal framework for ensuring pay equality, and non-discrimination. #brexit threaten‚Ä¶",Twitter for iPhone,0,1,"England, United Kingdom"
931860668659240960,RidleyNoah1,696,2017-11-18 12:24:31,@KateHoeyMP @campaignforleo @DavidDavisMP @EU_Commission Ive a better idea - why dont ye just all pack up and leave‚Ä¶ https://t.co/MBwRsgDWdb,Twitter Web Client,0,0,"Dublin City, Ireland"
931860649424154625,Reform_Together,123,2017-11-18 12:24:26,@KateHoeyMP @campaignforleo @DavidDavisMP @EU_Commission If we leave tgere will have to be hard border. I fear for‚Ä¶ https://t.co/3Fkouvon6z,Twitter for Android,0,0,
931860646320328704,robertpye,1313,2017-11-18 12:24:25,"A picture tells 1,000 words: why getting #Brexit right matters. Imports and exports mapped from MIT https://t.co/qQGaHT2UnL",Twitter Web Client,0,0,"Surrey, UK. England"
931860643786915840,SueKilcoyne,300,2017-11-18 12:24:25,"The Tory party is in a mess, but Labour are not gaining ground.  Why are they not higher in polls? My guess is support for #brexit.",Twitter for Android,0,0,Huddersfield
931860642591539200,PhilipCJames,1790,2017-11-18 12:24:24,"@ProfMarkElliott It's #TheresaMay's Ulysses moment.

She's asking her ramshackle crew of tax-dodge-encouraging pira‚Ä¶ https://t.co/MTXCv3IkIU",Twitter Web Client,0,0,"Bath, Somerset"
931860636946124800,BrexitLondon,4528,2017-11-18 12:24:23,"Sir Michael #Caine, the acclaimed #Actor (pictured in the Leave.EU poster below), used to think Luxembourg was a ra‚Ä¶ https://t.co/Sm7NmqiKMn",Twitter Web Client,0,0,"London, UK"
931860636119830528,RebeccaMEGill,743,2017-11-18 12:24:23,Brilliant to hear @RachelCrasnowQC setting out ALL the ways #Brexit will damage women‚Äôs employment rights at‚Ä¶ https://t.co/9baA81397K,Twitter for iPhone,0,0,london town
931860632202366977,kheatherbrown,937,2017-11-18 12:24:22,"RT @Facts4euOrg: ""WHEN IRISH EYES STOP SMILING"" - Anti-British sentiment from Irish PM again, threatening #Brexit.  Video, statements and a‚Ä¶",Twitter Web Client,0,6,
931860613135060994,k3books,11144,2017-11-18 12:24:17,@carryonkeith @StuartLothian @Anna_Soubry @tombrakemp @ChukaUmunna @BenPBradshaw @heidiallen75 @DavidLammy‚Ä¶ https://t.co/5VlFHtmcag,Twitter for Android,0,0,Leeds UK
931860611667030016,AlexDrace,961,2017-11-18 12:24:17,RT @PeterKGeoghegan: Just as well Irish politicians can‚Äôt read the UK press.... #brexit https://t.co/ek4tDBf4TA,Twitter Web Client,0,117,Amsterdam
931860604893188096,HowB1zarre,235,2017-11-18 12:24:15,"Thread.

To sum up, it's a fucking shambles. #Brexit #Shambles #nofuckingclue #fuckedourselvesforgenerations https://t.co/t74y7bBcc4",Twitter for Android,0,0,Manchester
931860604117245952,deancheviotview,948,2017-11-18 12:24:15,"RT @FranPietroni: The economics of #brexit are obviously crazy, but for me, unity and identity are far more important. We are always strong‚Ä¶",Twitter Web Client,0,3,powburn northumberland
931860599541297152,Rob_Merrick,3703,2017-11-18 12:24:14,RT @PeterKGeoghegan: Just as well Irish politicians can‚Äôt read the UK press.... #brexit https://t.co/ek4tDBf4TA,TweetDeck,0,117,London
931860596101959681,WhiteHot100,90,2017-11-18 12:24:13,FRANCE IS LOST ... cultural suicide within 20 years.  #labour #libdem #green #ukip #leave #remain #No2EU #brexit https://t.co/mYoh7N0Vo0,Twitter Web Client,0,0,Sussex
931860592234844161,euromaestro,13218,2017-11-18 12:24:12,"After #Brexit, what's next? 
Grexit 
Departugal 
Italeave... by #Lqb3blLe0u8cSJF",Convey: Make it post for you,0,0,Europe
931860581073768448,51TJK,492,2017-11-18 12:24:10,"It's clear that Dark Money, undeclared money, &amp;/or Russian meddling had a r√¥le in upping the #Brexit vote
We can ar‚Ä¶ https://t.co/GYDLw4dL4R",Twitter for iPad,0,0,"Manchester, UK"
931860576359284736,PaulMer45790900,456,2017-11-18 12:24:09,"RT @EngPatriot: Time that the new Irish PM realised we are Ireland's best friend and biggest trading partner, not the #EU  #BREXIT https://‚Ä¶",Twitter for Android,0,3,"Wales, United Kingdom"
931860502778732544,Melanieh32,192,2017-11-18 12:23:51,"RT @InFactsOrg: ICYMI: Days into his new job, the latest #Brexit minister Martin Callanan was forced into an embarrassing correction in the‚Ä¶",Twitter for iPhone,0,27,
931860488077692928,JayRey0,22,2017-11-18 12:23:48,"RT @TheBrexitComic: Britain's negotiating team

#Brexit https://t.co/i0yLKfWANd",Twitter for iPad,0,126,"Drogheda, Ireland"
931860470314815488,glynmoody,20822,2017-11-18 12:23:43,"RT @jonworth: This is a fab thread. Matter of fact language and top emoji use!

#Brexit https://t.co/MJXuYazGrG",Twitter Web Client,0,6,London
931860436705857544,karenmeehan44,1075,2017-11-18 12:23:35,"RT @WilliamPMack: Despite #ParadisePapers, David Davis' #Brexit impact study idiocy, cabinet resignations, the calamity of #UC, multiple al‚Ä¶",Twitter for Android,0,35,North London
931860427541229568,hoffules,27,2017-11-18 12:23:33,RT @bmj_latest: A migrant GP on upfront #NHS charges in #Brexit Britain: No amount of ‚ÄúYou can stay‚Äù or ‚ÄúYou we keep‚Äù is enough to protect‚Ä¶,Twitter for Windows,0,16,
931860404803862529,davelawson35,1071,2017-11-18 12:23:28,RT @AngusRobertson: Taoiseach Leo Varadkar vows to block trade talks if Theresa May fails to explain border plans by next month #Brexit üá®üáÆ‚Ä¶,Twitter for Android,0,443,"Barnsley, England"
931860378639912960,RsStubble,530,2017-11-18 12:23:22,"RT @muschifuss998: @RsStubble Yes, there will be little hope for animal welfare or rights in the coming post #Brexit ""Utopia"" .. animal rig‚Ä¶",TweetDeck,0,2,South West  UK
931860346062671872,lindarich48,1545,2017-11-18 12:23:14,RT @nickreeves9876: Arron Banks' heart (if he has any such thing) is with the ¬£7.5m he invested trying to buy #Brexit. Let's make that a wa‚Ä¶,Twitter for iPhone,0,123,"England, United Kingdom"
931860313011494912,keithmfitz,1994,2017-11-18 12:23:06,RT @ReutersWorld: The latest #Brexit news and analysis in one handy document. Catch up with our Brexit newsletter https://t.co/ZcmP4qm8qy‚Ä¶,Twitter for Android,0,11,Boston - Singapore - Bangkok
931860312088866816,bdnews24,217807,2017-11-18 12:23:06,AFP: RT EUDataNewsHub: European cities involved in fierce competition to win right to host the EMA and EBA after‚Ä¶ https://t.co/8nkTtU1S0y,IFTTT,1,0,"London, England"
931860299464019969,IChewPorridge,274,2017-11-18 12:23:03,"RT @WhyToVoteGreen: Please retweet if you are angry that our country is pursuing a disastrous   #Brexit, sold on lies &amp; promoted by people‚Ä¶",Twitter for iPhone,0,265,Take a U-turn when possible
931860298595782656,AshBarratt1984,933,2017-11-18 12:23:02,"RT @markantro: Nearly ¬£600 for every man, woman and child in the UK.

My Christmas wish is to see @theresa_may resign

#Brexit üá¨üáß https://t‚Ä¶",Twitter for Android,0,124,
931860290966343680,JackWDart,114,2017-11-18 12:23:01,"@BenPBradshaw Why won‚Äôt @UKLabour discuss any #Brexit related issues during PMQ‚Äôs, why is there never any talk of a‚Ä¶ https://t.co/m60TapB6iu",Twitter for iPhone,0,0,"London, England"
931860282774827009,Conscious_Bob,160,2017-11-18 12:22:59,@lewis_goodall @richclements @BBCr4today The now widely discredited extra ¬£350m #brexit argument was on the back of‚Ä¶ https://t.co/fPKvxjESoh,Twitter for Android,1,0,
931860279700443138,cuckoo57,209,2017-11-18 12:22:58,RT @AngusRobertson: Taoiseach Leo Varadkar vows to block trade talks if Theresa May fails to explain border plans by next month #Brexit üá®üáÆ‚Ä¶,Twitter for iPhone,0,443,
931860271005687808,Lesleypplzone,408,2017-11-18 12:22:56,RT @jon_bartley: In case you missed it these are the crucial environmental protections that the Government voted down last night #Brexit ht‚Ä¶,Twitter for Android,0,383,Barbados and UK
931860211232595968,Treezon_May,63,2017-11-18 12:22:42,RT @ThomasEvansGB: Ain't it the truth! #Brexit https://t.co/e5sg6UDAn8,Twitter Web Client,0,30,
931860211148529665,joymwhyte,196,2017-11-18 12:22:42,"@RachelCrasnowQC EU principles provide a legal framework for ensuring pay equality, and non-discrimination. #brexit‚Ä¶ https://t.co/BJBlqq8qy2",Twitter for iPhone,0,1,London
931860171386695682,peterfreelancer,416,2017-11-18 12:22:32,"RT @glynmoody: this is the true voice of loutish, bigoted, stupid #brexit britain: ""Irish prime minister should shut his gob""... https://t.‚Ä¶",Twitter for iPhone,0,1,Portugal and London
931860154865389568,owltan74,248,2017-11-18 12:22:28,"RT @smartnotstupid: If @Nigel_Farage doesn‚Äôt get a Knighthood for #brexit he should get it for this!

The jar of worms are now open, so mak‚Ä¶",Twitter for iPad,0,175,United Kingdom
931860147420450816,marcialmarciano,1060,2017-11-18 12:22:26,RT @docrussjackson: 61% of leave voters agree ‚Äúsignificant damage to the British economy‚Äù is worth it for #Brexit. Asked would it be worth‚Ä¶,Twitter for iPhone,0,34,Chile
931860125060620288,ani2tall,1250,2017-11-18 12:22:21,Rachel Crasnow QC on #AssociativeDiscrimination and #rights protection post #Brexit #carers #EqualPay #ParentalLeave,Twitter for Android,0,0,"London, UK"
931860116160249856,garymartin1981,445,2017-11-18 12:22:19,RT @ThomasEvansGB: Ain't it the truth! #Brexit https://t.co/e5sg6UDAn8,Twitter for iPhone,0,30,southend-on-sea
931860101346091008,PeteLlewelyn,789,2017-11-18 12:22:15,RT @jurygroup: Do you believe that Germany and France have been the issue with unreasonable negotiations going forward with #Brexit? @David‚Ä¶,Twitter for Android,0,114,Cardiff
931860089555816448,PeterRNeumann,23200,2017-11-18 12:22:13,"Just in case you wonder, this is the level of discourse in Britain right now... #brexit https://t.co/uhTTPl7bnZ",Twitter for Android,2,0,
931860089471987712,Insinuare,1237,2017-11-18 12:22:13,RT @PeterKGeoghegan: Just as well Irish politicians can‚Äôt read the UK press.... #brexit https://t.co/ek4tDBf4TA,Twitter Web Client,0,117,Europe
931860077031682048,AshBarratt1984,933,2017-11-18 12:22:10,"RT @TomFlynnTeeVee: Labour MP Emily Thornbury said that 'planes won't fly' after #Brexit. I'm sorry, I didn't know our ability to make our‚Ä¶",Twitter for Android,0,48,
931860074309570560,StevePangaean,442,2017-11-18 12:22:09,"#Brexit already own a German car?, look forward to the extra costs of repair and maintenance in the event of a no deal and a lower sell on.",Twitter for Android,0,0,"North West, England"
931860063811141632,LivnWLupus,2034,2017-11-18 12:22:06,"RT @zlando: Skate boards can be dangerous.
So is allowing people like this into your country!
#Brexit
#MAGA https://t.co/9wSP1wjuO3 1510987‚Ä¶",Twitter for iPad,0,2,Where ever I want to be
931860054369808385,EveryonesUnion,779,2017-11-18 12:22:04,@FabianPicardo @BBCParliament One of our admins was interviewed on #Gibraltar national day and said that Gibraltar‚Ä¶ https://t.co/0UVI1fYy0w,Twitter for iPhone,0,0,United Kingdom
931860034740543488,AFP,1316672,2017-11-18 12:22:00,RT @EUDataNewsHub: European cities involved in fierce competition to win right to host the EMA and EBA after #Brexit https://t.co/mw2d2TY7v‚Ä¶,TweetDeck,0,1,France
931860026989441024,EneNewsRox,535,2017-11-18 12:21:58,RT @jurygroup: Do you believe that Germany and France have been the issue with unreasonable negotiations going forward with #Brexit? @David‚Ä¶,Twitter for iPad,0,114,Edinburgh
931860008291139584,Helen121,2215,2017-11-18 12:21:53,"RT @PhilipCJames: The awful irony? Many who voted to #Brexit were protesting decades of govt neglect.

But only 0.37% of govt spending goes‚Ä¶",Twitter Web Client,0,2,Oxford
931859984052342784,maelysdervenn,1084,2017-11-18 12:21:47,"Great thread about this week's inane actions of the #brexit #tory kakocracy (real word, honest). https://t.co/OTYhYOaIoO",Twitter Web Client,0,0,UK
931859982601072640,morrislaw,1596,2017-11-18 12:21:47,RT @PeterKGeoghegan: Just as well Irish politicians can‚Äôt read the UK press.... #brexit https://t.co/ek4tDBf4TA,Twitter for iPhone,0,117,"Florida, USA"
931859967824613382,Kev_Andrew,822,2017-11-18 12:21:44,Remember when #Brexit Brits were convinced Ireland would follow them out of Europe like good little subjects. https://t.co/HcRmtgb2N8,Twitter for iPhone,0,0,"London, United Kingdom"
931859903077126144,2bbcom,407,2017-11-18 12:21:28,"RT @WhyToVoteGreen: Please retweet if you are angry that our country is pursuing a disastrous   #Brexit, sold on lies &amp; promoted by people‚Ä¶",Twitter for Android,0,265,"Cottingham, East Yorkshire, UK"
931859902762323968,EUFreeMovement,606,2017-11-18 12:21:28,RT @plegrain: More than 1/3 of tech entrepreneurs in UK have lost a prospective hire cos of uncertainty about immigration since #Brexit vot‚Ä¶,Twitter for iPhone,0,5,
931859894562689024,HWinckelmann,1707,2017-11-18 12:21:26,"You are beyond satire. 

Beyond. Fucking. Satire. 

#Brexit https://t.co/tNQPA1Hy9f",Twitter for iPhone,1,0,"London, Europe"
931859823389478914,Cadoret,877,2017-11-18 12:21:09,"RT @Bonn1eGreer: This from the @EveshamJournal:
A clear and elegant case for  a #Brexit rethink and a check- back with the electorate 
Than‚Ä¶",Twitter for Android,0,27,Clacton on sea/London
931859800266244096,robmoat,1680,2017-11-18 12:21:04,"RT @zlando: Skate boards can be dangerous.
So is allowing people like this into your country!
#Brexit
#MAGA https://t.co/9wSP1wjuO3 1510987‚Ä¶",Twitter for Android,0,2,
931859792552955904,justthevax,1241,2017-11-18 12:21:02,RT @Rachel5742: 4. #Brexit = a massive loss of influence &amp; control...40 years of careful post Imperial foreign policy wrecked... https://t.‚Ä¶,Twitter for iPhone,0,9,
931859710659227648,pr0udwhite,2800,2017-11-18 12:20:42,"India and US use WTO rules to SURPASS UK in EU trade as #Brexit delay 'leaves us lagging'
https://t.co/m7oebcqHPa",ARE Feed2Tweet,0,0,
931859707853246464,dogbiscuituk,131,2017-11-18 12:20:42,"#Brexit supporters ""Putin's useful idiots"" 
 https://t.co/6OHCgUHpM8",Twitter for Android,0,0,Scotland
931859684004331521,KingOfWrong,1056,2017-11-18 12:20:36,"@Brexit Yes, we should make the first move. And remember #WarGames - ‚Äúthe only winning move is not to play‚Äù #WalkAway #brexit",Twitter for iPhone,0,0,City of London
931859682947403776,fawcettsociety,41048,2017-11-18 12:20:36,RT @Samsmethers: Now hearing from @RachelCrasnowQC on the impact of #Brexit on women's rights #FeministFutures,Twitter for Android,0,1,UK
931859676609708032,WICKEDXWAYS1972,4735,2017-11-18 12:20:34,"RT @sine_injuria: #MAGA #MEGA 
#Europe #EU #EUSSR #V4 #BrexitHoax #Brexit #Remain #NuitDebout #BlocIdentitaire #Pegida @Europol @INTERPOL_H‚Ä¶",Twitter Web Client,0,1,yemenwar.info
931859665432076288,stackeroo,116,2017-11-18 12:20:32,RT @PeterKGeoghegan: Just as well Irish politicians can‚Äôt read the UK press.... #brexit https://t.co/ek4tDBf4TA,Twitter for iPhone,0,117,
931859648625479680,erikwill,23470,2017-11-18 12:20:28,RT @docrussjackson: 61% of leave voters agree ‚Äúsignificant damage to the British economy‚Äù is worth it for #Brexit. Asked would it be worth‚Ä¶,Twitter for Android,0,34,"Indiana, USA"
931859637607043072,Bfd2Dog,617,2017-11-18 12:20:25,RT @PeterKGeoghegan: Just as well Irish politicians can‚Äôt read the UK press.... #brexit https://t.co/ek4tDBf4TA,Twitter Web Client,0,117,
931859620058030081,k3books,11144,2017-11-18 12:20:21,"@charledarc Don't be stupid 
JUNKER didn't drive down the streets of Europe on the back of a truck with sign ((Vote‚Ä¶ https://t.co/26iiIM72Bz",Twitter for Android,0,0,Leeds UK
931859596205023232,Doozy_45,1437,2017-11-18 12:20:15,BREXIT TRUTHS: Is UK economy really as strong as the government says it is? / #Brexit #StopBrexit https://t.co/LLHMgGHQ9H,Twitter for Android,0,0,
931859591671009281,Meghan_1807,250,2017-11-18 12:20:14,RT @HeldinEU: Sausage Jesus was the decoy for truly worrying stuff #Brexit https://t.co/ng4Xp7fQJN,Mobile Web (M2),0,1,
931859491347410944,DubsHart,27,2017-11-18 12:19:50,"@ThatTimWalker #Legatum event: ""Join our experts next Tuesday to discuss how we make Global Britain a reality post‚Ä¶ https://t.co/EMsChyeMiS",Twitter for iPad,0,0,Cumbria
931859481880944640,mrdissent,1055,2017-11-18 12:19:48,RT @PeterKGeoghegan: Just as well Irish politicians can‚Äôt read the UK press.... #brexit https://t.co/ek4tDBf4TA,Twitter Web Client,0,117,"Scotland, Europe"
931859468643717121,trotman_deirdre,1913,2017-11-18 12:19:45,RT @jurygroup: Should UK just walk away from #Brexit talks and let the EU chase for trade and future talks? - Brexit: EU gives May two week‚Ä¶,Twitter for iPad,0,122,
931859462851358720,Samsmethers,4239,2017-11-18 12:19:43,Now hearing from @RachelCrasnowQC on the impact of #Brexit on women's rights #FeministFutures,Twitter for Android,0,1,London
931859424158912513,poliauntie,235,2017-11-18 12:19:34,RT @PeterKGeoghegan: Just as well Irish politicians can‚Äôt read the UK press.... #brexit https://t.co/ek4tDBf4TA,Twitter for iPhone,0,117,
931859412461019137,glynmoody,20822,2017-11-18 12:19:31,"this is the true voice of loutish, bigoted, stupid #brexit britain: ""Irish prime minister should shut his gob""... https://t.co/tV8PSoXeda",Twitter Web Client,1,1,London
931859406509170690,28481k,2544,2017-11-18 12:19:30,"RT @jonworth: This is a fab thread. Matter of fact language and top emoji use!

#Brexit https://t.co/MJXuYazGrG",Twitter for iPhone,0,6,Hong Kong
931859401211895809,FederalBritain,1471,2017-11-18 12:19:29,@FreeofIdeology @mrchrisnewton @RickPoleway And that is why #Brexit is a populist movement: pretending to be repres‚Ä¶ https://t.co/EfYyjHLPYL,Twitter for Android,0,0,Gone fishing again
931859401085943808,ton_blind,734,2017-11-18 12:19:28,"RT @EngPatriot: Time that the new Irish PM realised we are Ireland's best friend and biggest trading partner, not the #EU  #BREXIT https://‚Ä¶",Twitter for Android,0,3,
931859385416081408,Hammertime019,958,2017-11-18 12:19:25,"RT @smartnotstupid: What kind of #brexit do you want?

#BBCQT 

Please Retweet",Twitter for Android,0,474,"England, United Kingdom"
931859371440656384,alloneworddotie,1206,2017-11-18 12:19:21,If you read one thing #Brexit this week @davidallengreen https://t.co/yVxGoYymVJ,Twitter for iPhone,0,0,"Dublin, Ireland"
931859361563054080,iCourts_jur,1478,2017-11-18 12:19:19,RT @jedodermatt: Great to be back at @LeuvenU for the LERU Brexit Seminar. Discussing #Brexit and dispute settlement @iCourts_jur https://t‚Ä¶,Twitter for Android,0,1,"Copenhagen, Denmark"
931859337508806663,LadyBrienne1,962,2017-11-18 12:19:13,"RT @creativeblock_: David Davis should not be allowed to quit #brexit. Its his project, his strategy, his failure, if he wants to quit Brex‚Ä¶",Twitter for iPhone,0,2,
931859293015384069,zlando,27811,2017-11-18 12:19:03,"Skate boards can be dangerous.
So is allowing people like this into your country!
#Brexit
#MAGA https://t.co/9wSP1wjuO3 1510987719",Zlando,2,2,"Jerusalem, Israel"
931859292734545921,happyhippy2015,355,2017-11-18 12:19:03,RT @nickbeddows: Yes I genuinely believe this is what's driving the right wing #Brexit Profit before people. Hence #legatum ostensibly Brit‚Ä¶,Twitter for iPhone,0,23,
931859281485467648,baynes_simon,998,2017-11-18 12:19:00,RT @OwenPaterson: Thanks to the audience &amp; to the panel for last night‚Äôs @BBCAnyQuestions. You can listen to us discuss #Brexit negotiation‚Ä¶,Twitter for iPhone,0,2,Wales
931859275089096704,NFL_2018,210,2017-11-18 12:18:58,RT @2016NJ1: üîä Blow the whistle üîì@ #wikileaks #eagles #nygiants #nfl #netflix  #iTunes #Brexit #nyc #starbucks #uber #music #snapchat #amaz‚Ä¶,March Madness Bot,0,1,United States
931859267002519552,HeldinEU,906,2017-11-18 12:18:57,Sausage Jesus was the decoy for truly worrying stuff #Brexit https://t.co/ng4Xp7fQJN,Twitter for Android,0,1,
931859265891045376,thephper,64,2017-11-18 12:18:56,@ThatTimWalker Because #brexit was a real win for all media outlets unlimited news for years and they don't want to‚Ä¶ https://t.co/uXYv8S51mU,Twitter Web Client,0,0,UK
931859265639321601,NightwatchmanUK,139,2017-11-18 12:18:56,"Applies 100% to #Brexit as well, mutatis mutandis. https://t.co/mYJKQy4YJ8",Twitter Web Client,0,0,Somewhere in the amorphous soup
931859234739847168,henrietta6,239,2017-11-18 12:18:49,"RT @WilliamPMack: Despite #ParadisePapers, David Davis' #Brexit impact study idiocy, cabinet resignations, the calamity of #UC, multiple al‚Ä¶",Twitter Web Client,0,35,
931859232240128000,No1Ghirl,1983,2017-11-18 12:18:48,"RT @RationalPanic: Or maybe the DUP should just tell us how they had this all figured out when they backed #Brexit

I mean, only a group of‚Ä¶",Twitter for Android,0,4,
931859222287060992,RubyBayleyPratt,361,2017-11-18 12:18:46,"If we hadn‚Äôt joined the EU, there are 50+ legal protections which simply wouldn‚Äôt exist for women. We need to be ta‚Ä¶ https://t.co/OGmB3FhloM",Twitter for iPhone,6,16,London
931859211922935809,steve8412,156,2017-11-18 12:18:43,RT @ThomasEvansGB: Ain't it the truth! #Brexit https://t.co/e5sg6UDAn8,Twitter for iPhone,0,30,Tamworth
931859210891034624,FPH_Law,343,2017-11-18 12:18:43,FPH Law Post is out! https://t.co/ZizDlT0mjT #brexit #weekendreading,Paper.li,0,0,"Birkenhead, Wirral"
931859163667488768,jonathandgjones,3453,2017-11-18 12:18:32,RT @KamounLab: Point to this next time you hear ‚Äúthe will of the people‚Äù #Brexit https://t.co/EAVWBmxLJ0,Twitter Web Client,0,2,"Sainsbury Lab, Norwich, UK"
931859156625223680,MushyMelbowHead,1481,2017-11-18 12:18:30,RT @PeterKGeoghegan: Just as well Irish politicians can‚Äôt read the UK press.... #brexit https://t.co/ek4tDBf4TA,Twitter for iPhone,0,117,Behind you
931859139034218496,DamonMercy,2305,2017-11-18 12:18:26,"@spectator .@FraserNelson No story on Boris's confession to be ignorant of the Irish #brexit position? Probably not important, eh?",Twitter Web Client,0,0,Beside the sea
931859127747465216,Reasons2Remain,2514,2017-11-18 12:18:23,#Remain hero @KenClarkeMP made the most pertinent comment this week: if #UKGov didn‚Äôt intend watering down workers‚Äô‚Ä¶ https://t.co/jKRyPzNcLh,Twitter Web Client,4,5,
931859118578692097,EUDataNewsHub,1059,2017-11-18 12:18:21,European cities involved in fierce competition to win right to host the EMA and EBA after #Brexit‚Ä¶ https://t.co/uT39sBDc8e,Twitter Web Client,4,2,
931859105115004929,MeganJFarr,267,2017-11-18 12:18:18,RT @CYPCS: Young people at #YPHRG are concerned that #Brexit creates a big period of uncertainty for them and their rights‚Äî and that it was‚Ä¶,TweetDeck,0,2,"Bo'ness, Scotland"
931859103428874245,PaddyBarry5,86,2017-11-18 12:18:18,@TheICanCentre Striking parallels between debates in the UK on #Brexit and in Ireland on #abortion. Brexit zealots‚Ä¶ https://t.co/qnCTPxBqbG,Twitter for iPad,0,0,Co Dublin Ireland
931859089122045952,Ballysbest,468,2017-11-18 12:18:14,"Listen I don‚Äôt like Leo V very much, but will the condescension of Ireland by the British press ever end. Brexit is‚Ä¶ https://t.co/NvZ1DJ2dnS",Twitter for iPhone,0,0,"Dublin & Kerry, Ireland"
931859075226357760,SE25A,1931,2017-11-18 12:18:11,RT @rjbarfield1: 1/3 Free trade agreements and customs union. #brexit https://t.co/YyK61Mbkkl,Twitter Lite,0,7,UK
931859060584009729,ekuldnahlooc,31,2017-11-18 12:18:07,The @Conservatives have always been the party of business. Even more so since 2015. The right wing in this country‚Ä¶ https://t.co/urCM2CuwCf,Twitter Web Client,0,0,Existing in my mind's eye
931859053571137536,fawcettsociety,41048,2017-11-18 12:18:06,Rachel Crasnow speaking abt rights &amp; #Brexit. We've used EU law to pull British law up to standard. #feministfutures https://t.co/vfc3dEGf5M,Twitter for Android,0,0,UK
931859005491810304,BillyDann1,1645,2017-11-18 12:17:54,RT @PeterKGeoghegan: Just as well Irish politicians can‚Äôt read the UK press.... #brexit https://t.co/ek4tDBf4TA,Twitter for Android,0,117,London
931858962764435457,mjian,314,2017-11-18 12:17:44,RT @PeterKGeoghegan: Just as well Irish politicians can‚Äôt read the UK press.... #brexit https://t.co/ek4tDBf4TA,Twitter for iPhone,0,117,UK
931858955202113536,2016NJ1,198,2017-11-18 12:17:42,üîä Blow the whistle üîì@ #wikileaks #eagles #nygiants #nfl #netflix  #iTunes #Brexit #nyc #starbucks #uber #music‚Ä¶ https://t.co/3jE5k8Ylwd,Twitter Web Client,0,1,
931858913863102468,AnneMcGuire97,5970,2017-11-18 12:17:32,"@TomBlenkinsop He was warned, warned and warned again by his own experts, campaign groups and Labour opposition. Hi‚Ä¶ https://t.co/RVMxqxfl1G",Twitter for iPad,1,0,Scotland
931858899300438016,CarbonisedPleb,3904,2017-11-18 12:17:29,"RT @SW11simon: If, as rumoured, #DavidDavis throws in the towel, who should replace him?
#Brexit",Twitter Web Client,0,17,Isle of Wight
931858865427222528,FreakyFritsch,262,2017-11-18 12:17:21,RT @Far_Right_Watch: #Brexit ... The Reasons ... By @SKZCartoons. https://t.co/BqniHnHIww,Twitter for Windows,0,34,
931858840982904832,Waterloosunrise,319,2017-11-18 12:17:15,"RT @Trump_ton: Dear MPs.

I am just about sick and tired of this.

If you oppose the idea of #Brexit, regardless of what your leadership th‚Ä¶",Twitter for iPad,0,149,Halifax
931858804744089605,dommerrix,469,2017-11-18 12:17:06,@eucopresident @theresa_may I would never bow down like the weak Teresa May. The UK owes your failing organisation‚Ä¶ https://t.co/ug1WTaYt2m,Twitter for iPhone,0,0,
931858789103435776,RichardThomas37,1393,2017-11-18 12:17:03,The essence of a democracy is that there is never a ‚Äòpoint of no return.‚Äô #brexit #brexitchaos #brexitshambles‚Ä¶ https://t.co/AHaJye0GIL,Twitter for iPhone,0,0,"Sussex,"
931858787891326976,Cupkatech3rry,4367,2017-11-18 12:17:02,"RT @SW11simon: If, as rumoured, #DavidDavis throws in the towel, who should replace him?
#Brexit",Twitter for iPad,0,17,‚úø:¬¶:‚ù§-‚Ä¢:*∆∏ÃµÃ°”úÃµÃ®ÃÑ∆∑*:‚Ä¢-‚ù§:¬¶:‚úø
931858785697705984,salib0329,687,2017-11-18 12:17:02,"RT @GorettiSimon: I would love for moron @DavidDavisMP to detail exactly how he imagines the UK will have greater prosperity after #Brexit,‚Ä¶",Twitter for Windows,0,9,"Wales, United Kingdom"
931858767859339264,KateJohnston3,370,2017-11-18 12:16:58,RT @CYPCS: Young people at #YPHRG are concerned that #Brexit creates a big period of uncertainty for them and their rights‚Äî and that it was‚Ä¶,Twitter for iPad,0,2,
931858739174535168,cortina190,228,2017-11-18 12:16:51,RT @jurygroup: Do you believe that Germany and France have been the issue with unreasonable negotiations going forward with #Brexit? @David‚Ä¶,Twitter for iPad,0,114,Essex
931858732690100224,owltan74,248,2017-11-18 12:16:49,RT @YesBrexit: Are you planning to start soon @theresa_may ? #Brexit https://t.co/wfJJI2j4ji,Twitter for iPad,0,87,United Kingdom
931858725010251776,ptescolln,77,2017-11-18 12:16:47,RT @PeterKGeoghegan: Just as well Irish politicians can‚Äôt read the UK press.... #brexit https://t.co/ek4tDBf4TA,Twitter for Android,0,117,
931858718429499392,AndrewS26169,40,2017-11-18 12:16:46,RT @docrussjackson: 61% of leave voters agree ‚Äúsignificant damage to the British economy‚Äù is worth it for #Brexit. Asked would it be worth‚Ä¶,Twitter for Android,0,34,"Milton Keynes, England"
931858677472071683,official_curran,191,2017-11-18 12:16:36,"RT @nicktolhurst: TThe language from the Sun here today on the Irish Govt &amp; Ireland is utterly indefensible, especially as its on #Brexit p‚Ä¶",Twitter for Android,0,24,Wherever I am
931858636531527680,AcademyOfRock,12592,2017-11-18 12:16:26,"RT @ColebrookColin: Why are Corbyn and Labour leadership are so keen to ally themselves with hard right Tories on #Brexit?
This excellent p‚Ä¶",Twitter for Android,0,1,Worldwide Network
931858633691889666,GoldenAgeTC,223,2017-11-18 12:16:26,#HidingHeidi reviewed: ‚òÖ‚òÖ‚òÖ‚òÖ https://t.co/fNsPyYp4WR ‚ÄúDixon Potter is grabbing his audience and shaking them to say‚Ä¶ https://t.co/QeE69KkV0V,Twitter Web Client,1,1,"Camden Town, London"
931858613529972736,DinasDevil,551,2017-11-18 12:16:21,"In black &amp; white, with a touch of lemon. 

Why on Earth has our government let this unnecessary &amp; wholly destructiv‚Ä¶ https://t.co/fk2ESAyNos",Twitter for iPhone,0,0,Breizh / Cymru 
931858591212072962,DLFParis16,764,2017-11-18 12:16:15,Yes üá¨üáß Great Britain. You can and you will prosper #Brexit https://t.co/ry1QcqWOG4,Twitter for iPhone,0,0,"√éle-de-France, France"
931858553811472384,bill1303,344,2017-11-18 12:16:06,@Kitchy65 @tracy__e @Ditz82 @millitantmiddle @Majeh19 @Daniellemalaur1 @sunick51 @Hambiuk @Grado779 @David_Vaporium‚Ä¶ https://t.co/CEQ6NIVcUx,Twitter Web Client,0,0,"North West, England"
931858548908331009,guse_guse,1503,2017-11-18 12:16:05,"RT @SW11simon: If, as rumoured, #DavidDavis throws in the towel, who should replace him?
#Brexit",Twitter for iPad,0,17,"England, United Kingdom"
931858541215961088,NYCP,1975,2017-11-18 12:16:03,RT @OwenPaterson: Thanks to the audience &amp; to the panel for last night‚Äôs @BBCAnyQuestions. You can listen to us discuss #Brexit negotiation‚Ä¶,Twitter for iPad,0,2,New York
931858541169860608,xxiainxx,522,2017-11-18 12:16:03,RT @MalbertK: @mrjamesob Accusing the #BBC of ‚Äúgloomy‚Äù #Brexit coverage is like blaming their weather reports for the crap weather outside.,Tweetbot for iŒüS,0,55,"Belfast, N. Ireland"
931858535100624896,Sue36650435,1984,2017-11-18 12:16:02,RT @YesBrexit: Are you planning to start soon @theresa_may ? #Brexit https://t.co/wfJJI2j4ji,Twitter for Android,0,87,"West Midlands, England"
931858520173137920,ColebrookColin,97,2017-11-18 12:15:58,"Why are Corbyn and Labour leadership are so keen to ally themselves with hard right Tories on #Brexit?
This excelle‚Ä¶ https://t.co/lnZZQgqvu8",Twitter Web Client,1,1,"Manchester, England"
931858508022255617,Terry1820Tj,24,2017-11-18 12:15:56,RT @Doozy_45: BREXIT CHAOS: Why Johnson and Gove barely grasp the concept of compromise / #Brexit #StopBrexit https://t.co/dfSRiXXpRb,Twitter Lite,0,1,England Gloucester 
931858502968053760,Weeblebum,159,2017-11-18 12:15:54,"RT @SW11simon: If, as rumoured, #DavidDavis throws in the towel, who should replace him?
#Brexit",Twitter for iPad,0,17,Colchester
931858464699240449,robdavies0469,51,2017-11-18 12:15:45,RT @jurygroup: Do you believe that Germany and France have been the issue with unreasonable negotiations going forward with #Brexit? @David‚Ä¶,Twitter for Android,0,114,
931858442809151489,piacolson,230,2017-11-18 12:15:40,"RT @eucopresident: Discussed with PM @theresa_may the calendar of #Brexit talks. Only if UK makes progress by early December, will I be rea‚Ä¶",Twitter for iPad,0,526,France
931858434336743426,AngryRemainer,726,2017-11-18 12:15:38,RT @PeterKGeoghegan: Rees Mogg on @BBCRadio4 calling for a ‚ÄòPatrick Minford‚Äô #brexit. Remove all trade barriers. This is actual insanity. L‚Ä¶,Twitter Web Client,0,6,UK
931858431199281152,Fooglie,204,2017-11-18 12:15:37,RT @nickreeves9876: Arron Banks' heart (if he has any such thing) is with the ¬£7.5m he invested trying to buy #Brexit. Let's make that a wa‚Ä¶,Twitter for iPad,0,123,The blue half of Liverpool
931858429257302018,JohnMackayMP,262,2017-11-18 12:15:37,"@NicolaSturgeon takes time off from her day job to star in her reality show ""Govanhill""

#dailymail #scotsman‚Ä¶ https://t.co/gnqDMWWJ1I",Twitter for Android,0,1,Westminster
931858413105156096,AndrewS26169,40,2017-11-18 12:15:33,RT @jurygroup: Do you believe that Germany and France have been the issue with unreasonable negotiations going forward with #Brexit? @David‚Ä¶,Twitter for Android,0,114,"Milton Keynes, England"
931858409384824834,DI_Goggles,505,2017-11-18 12:15:32,RT @PeterKGeoghegan: Just as well Irish politicians can‚Äôt read the UK press.... #brexit https://t.co/ek4tDBf4TA,Twitter for iPhone,0,117,Liverpool
931858408667525120,Adooron1970,116,2017-11-18 12:15:32,RT @PeterKGeoghegan: Just as well Irish politicians can‚Äôt read the UK press.... #brexit https://t.co/ek4tDBf4TA,Twitter for Android,0,117,"Glasgow, Scotland"
931858399352033281,FrankA_Paradigm,7493,2017-11-18 12:15:30,UK gvrnment fnds #Brexit Big Band What's y favourite #BrexitSong 2019 ? @MichelleObama @IvankaTrump @BarackObama @realDonaldTrump,Twitter Web Client,0,0,"York, London and ..."
931858385754099712,roshbeth,1698,2017-11-18 12:15:26,"RT @RationalPanic: Or maybe the DUP should just tell us how they had this all figured out when they backed #Brexit

I mean, only a group of‚Ä¶",Twitter for Android,0,4,... #CitizenOfTheWorld üá™üá∫
931858352942051328,maelysdervenn,1084,2017-11-18 12:15:19,RT @MalbertK: @mrjamesob Accusing the #BBC of ‚Äúgloomy‚Äù #Brexit coverage is like blaming their weather reports for the crap weather outside.,Twitter Web Client,0,55,UK
931858344494686208,HatherNora,499,2017-11-18 12:15:17,"RT @SW11simon: If, as rumoured, #DavidDavis throws in the towel, who should replace him?
#Brexit",Twitter for Android,0,17,
931858313565933569,Cavendishmotors,334,2017-11-18 12:15:09,"A ‚Äòno deal‚Äô #Brexit could add 10 per cent to the price of German cars in the UK,  Berlin trade body has warned: https://t.co/jj5RWqzSuL",Hootsuite,0,0,"Ashington, Northumberland"
931858308251701253,MikkiL,14179,2017-11-18 12:15:08,"RT @JonathonDavies6: Students: ""#Brexit stole our future. It will destroy the country. We will suffer.""

Also students: ""Let's vote in #Cor‚Ä¶",Twitter for iPhone,0,6,UK
931858287137624064,ukc10014,130,2017-11-18 12:15:03,On quixotic bravery &amp; the bitter cost of sovereignty :  'there is no economic upside' in #Brexit @prospect_uk  https://t.co/3AxNtwnQZR,Twitter for iPhone,0,0,LDN/NYC/PMO
931858273619337216,_Ellen_Ripley_,202,2017-11-18 12:15:00,"üá¨üáß #Brexit
Brexiters, beware: if the ties that bind us unravel, tyranny may soon follow | George Monbiot https://t.co/hlSZ3IGkxP",Twitter Web Client,0,0,French expat in Portugal
931858253385957376,lasancmt,1053,2017-11-18 12:14:55,@Nortie9 @Cailais @LBC WTO rules actually say you can't pick and choose when you sign a FTA. It has to cover substa‚Ä¶ https://t.co/OswzWYzvAo,Twitter Web Client,1,0,"Limousin Area, France"
931858215968624640,Madincroydon,262,2017-11-18 12:14:46,"Is this NibirEU stunt another Project Fear ploy by the Remoaners?

The quicker we leave the EU and take back contro‚Ä¶ https://t.co/Cpq8Xd5QDC",Twitter Web Client,0,0,
931858213426860032,BGlaister1,256,2017-11-18 12:14:45,@RedHotSquirrel Spoke to a few Italians over the summer. All said after their General Election hoped for a referend‚Ä¶ https://t.co/wHVGSL48mw,Twitter for iPhone,0,0,
931858177070632961,laurilove,6940,2017-11-18 12:14:37,"RT @WilliamPMack: Despite #ParadisePapers, David Davis' #Brexit impact study idiocy, cabinet resignations, the calamity of #UC, multiple al‚Ä¶",Twitter Web Client,0,35,"Compound, come pounding..."
931858152643063808,jake_001x,363,2017-11-18 12:14:31,So grateful to Scruton. He gave me strength in the dark nights when the radio &amp; TV were yelling that I was a moron‚Ä¶ https://t.co/BZZoO8H2FE,Twitter for Android,0,0,"London, England"
931858140559233025,stinkypete5656,304,2017-11-18 12:14:28,RT @HMCabinetCat: Here's #Podcast No. 30 - an impression of what I hear every time David Davis gives a #Brexit update speech with Donald Tu‚Ä¶,Twitter for iPhone,0,3,Midsomer murder land UK
931858127141720065,brawday,1808,2017-11-18 12:14:25,RT @PeterKGeoghegan: Just as well Irish politicians can‚Äôt read the UK press.... #brexit https://t.co/ek4tDBf4TA,Twitter Web Client,0,117,", Scotland not Britain"
931858119143186432,Rob71350,1815,2017-11-18 12:14:23,"@KateHoeyMP @campaignforleo @DavidDavisMP @EU_Commission Well, you ignored the Irish border question but you want a‚Ä¶ https://t.co/kpB2ADTfjo",Twitter Web Client,0,0,
931858118639869954,drpaulmorgan,4230,2017-11-18 12:14:23,RT @MeirionTweets: It's Mr Arrogant Prick to you - how very #Brexit to not be able to think of a rational argument and resort to personal a‚Ä¶,Tweetbot for iŒüS,0,2,Cardiff
931858116853059590,tamara_lucy,1197,2017-11-18 12:14:22,"RT @JohnnyIkon: Is this real? Wetherspoons-at-closing-time belligerence is journalism now?

#brexit enthusiasts should be thoroughly embarr‚Ä¶",Twitter for iPhone,0,1,"England, United Kingdom"
931858106421841920,sine_injuria,3347,2017-11-18 12:14:20,"#MAGA #MEGA 
#Europe #EU #EUSSR #V4 #BrexitHoax #Brexit #Remain #NuitDebout #BlocIdentitaire #Pegida @Europol‚Ä¶ https://t.co/mzHfxcIYx3",Twitter for Android,0,1,ex-'SatanicMatrix'
931858055653920769,AnkersDave,80,2017-11-18 12:14:08,#Brexit Why #EU allowed in so many #Muslim #Immigrants ? To fight the #British of course! #Breitbart #InfoWars : https://t.co/yqtRd6pD51,Twitter for Mac,0,0,
931858040923541504,kmqkatie,2704,2017-11-18 12:14:04,RT @Rachel5742: 4. #Brexit = a massive loss of influence &amp; control...40 years of careful post Imperial foreign policy wrecked... https://t.‚Ä¶,Twitter for iPhone,0,9,Greece
931858036242747394,stephenj_colvin,126,2017-11-18 12:14:03,RT @ThomasEvansGB: Ain't it the truth! #Brexit https://t.co/e5sg6UDAn8,Twitter for Android,0,30,
931858035018027009,2ygnus,597,2017-11-18 12:14:03,RT @2ygnus: @andrewsduncan1 @theresa_may @campaignforleo @donaldtusk @Number10gov #Brexit : What is the #UK government's customs union plan‚Ä¶,Mobile Web (M2),0,1,UK
931858027199770625,CSW_DepEd,1628,2017-11-18 12:14:01,"National Audit Office identifies 313 ongoing #Brexit workstreams across Whitehall, @Meg_HillierMP says report revea‚Ä¶ https://t.co/xulXeWwNs5",Buffer,1,0,London
931857999228014592,Leefiz,41,2017-11-18 12:13:54,RT @ThomasEvansGB: Ain't it the truth! #Brexit https://t.co/e5sg6UDAn8,Twitter Web Client,0,30,"Durham, England"
931857999173488640,celestialhost,1970,2017-11-18 12:13:54,"RT @jonworth: ü§¶‚Äç‚ôÇÔ∏èüí•üò°ü§¶‚Äç‚ôÇÔ∏èüí•üò°ü§¶‚Äç‚ôÇÔ∏èüí•üò°

Irish position about the border has been clear for months.

#Brexit

ü§¶‚Äç‚ôÇÔ∏èüí•üò°ü§¶‚Äç‚ôÇÔ∏èüí•üò°ü§¶‚Äç‚ôÇÔ∏èüí•üò° https://t.co/p9UT‚Ä¶",Twitter for Android,0,136,"Stevenage, England"
931857990222843904,2ygnus,597,2017-11-18 12:13:52,"RT @2ygnus: @andrewsduncan1 @theresa_may #Brexit - Seems #UK now has battle on two fronts, despite hypocrisy from #Ireland now seeking some‚Ä¶",Mobile Web (M2),0,1,UK
931857983495200769,Hammertime019,958,2017-11-18 12:13:51,"RT @JonathonDavies6: Students: ""#Brexit stole our future. It will destroy the country. We will suffer.""

Also students: ""Let's vote in #Cor‚Ä¶",Twitter for Android,0,6,"England, United Kingdom"
931857958128046080,thebard24,163,2017-11-18 12:13:44,"RT @A_Liberty_Rebel: Not solely BBC. Most of UK M$M reports negotiations with pro-#EU, anti-#Brexit slant. 
BBC exceptionally egregious at‚Ä¶",Twitter for iPad,0,18,England
931857942651064321,deguman,1043,2017-11-18 12:13:41,RT @jurygroup: Do you believe that Germany and France have been the issue with unreasonable negotiations going forward with #Brexit? @David‚Ä¶,Twitter for Android,0,114,
931857941749256197,2ygnus,597,2017-11-18 12:13:41,RT @2ygnus: @andrewsduncan1 @theresa_may #Brexit - Tusk tells #UK: no trade talks without progress on money and #Ireland https://t.co/U8PSq‚Ä¶,Mobile Web (M2),0,2,UK
931857935940059137,mackayac,488,2017-11-18 12:13:39,@BrexitBin @solange_lebourg I‚Äôm sorry Mr Tusk but the dog ate our #brexit plan &amp; that cheque you wanted. We‚Äôd like our cake now...,Twitter for iPhone,2,0,Glasgow or Barbados
931857935487111169,51TJK,492,2017-11-18 12:13:39,RT @jurygroup: Do you believe that Germany and France have been the issue with unreasonable negotiations going forward with #Brexit? @David‚Ä¶,Twitter for iPad,0,114,"Manchester, UK"
931857927576735745,thismadisland,772,2017-11-18 12:13:37,"@jeremycorbyn You tweet about everything accept #Brexit. A petty politician with no vision, no leadership",Twitter for Android,0,0,
931857888305451008,MormaerKester,76,2017-11-18 12:13:28,RT @PeterKGeoghegan: Just as well Irish politicians can‚Äôt read the UK press.... #brexit https://t.co/ek4tDBf4TA,Twitter Lite,0,117,
931857876817244160,keithdeath,204,2017-11-18 12:13:25,"RT @nicktolhurst: TThe language from the Sun here today on the Irish Govt &amp; Ireland is utterly indefensible, especially as its on #Brexit p‚Ä¶",Twitter for iPad,0,24,
931857872459370496,ebrightongreen,46,2017-11-18 12:13:24,"#Brexit Fishing news @BNfishsales
Is what he says true? 
https://t.co/eM0heAovih",Twitter Web Client,0,0,"East Brighton, England"
931857854310600704,ToryOnToast,797,2017-11-18 12:13:20,"RT @HullUniTories: Great to hear from David Davis, our fantastic #Brexit Secretary, at last night‚Äôs dinner with the Haltemprice and Howden‚Ä¶",Twitter for iPhone,0,1,"South East, England"
931857832366039040,LePhareWest,5,2017-11-18 12:13:14,"In black &amp; white, with a touch of lemon. 

Why on Earth has our government let this unnecessary &amp; wholly destructiv‚Ä¶ https://t.co/aWl5Vox3RD",Twitter for iPhone,0,0,"Pont l'Abb√© / Scrignac, Breizh"
931857815299416064,SciDoug,229,2017-11-18 12:13:10,RT @KamounLab: Point to this next time you hear ‚Äúthe will of the people‚Äù #Brexit https://t.co/EAVWBmxLJ0,Twitter Web Client,0,2,"Lancaster, England"
931857810245279745,CYPCS,9987,2017-11-18 12:13:09,Young people at #YPHRG are concerned that #Brexit creates a big period of uncertainty for them and their rights‚Äî an‚Ä¶ https://t.co/AZlohgVF8P,Twitter for iPhone,1,2,"Scotland, UK"
931857786736185349,ExpInvestor,231,2017-11-18 12:13:04,10 Reasons to LEAVE the EU https://t.co/TdsiLRclrY #Brexit #Leave https://t.co/WeIj1KytZ9,Buffer,0,0,"London, England"
931857772664287232,garethhardy,1006,2017-11-18 12:13:00,"RT @Neil_Lewis: .@WMlibdems - your &amp; my cost of #Brexit is as follows;
Soft - ¬£7.5k / yr 
Hard - ¬£9.5k / yr
No deal - ¬£11.5k / yr
per worki‚Ä¶",Twitter for iPhone,0,4,"Birmingham, England"
931857720076095488,dazgall,246,2017-11-18 12:12:48,RT @jurygroup: Do you believe that Germany and France have been the issue with unreasonable negotiations going forward with #Brexit? @David‚Ä¶,Twitter for iPhone,0,114,London
931857713533018117,k3books,11144,2017-11-18 12:12:46,@flopsyb @stevencater1 @LBC @Nigel_Farage German controlled EU and ECB are using monetary policy to control the EU‚Ä¶ https://t.co/eHP2QxP3Fc,Twitter for Android,0,0,Leeds UK
931857677965299713,AnOilithrigh,1023,2017-11-18 12:12:38,Did you not along with the other #Brexiteers tell the #BritishPeople that a vote for #Brexit was a vote to take bac‚Ä¶ https://t.co/zTB3uBc494,Twitter Web Client,0,0,IrelandEU.üá™üá∫üáÆüá™üá¨üáß
931857670516113409,certual,3388,2017-11-18 12:12:36,"RT @TomFlynnTeeVee: Labour MP Emily Thornbury said that 'planes won't fly' after #Brexit. I'm sorry, I didn't know our ability to make our‚Ä¶",Twitter for iPhone,0,48,Worcestershire UK
931857648911347712,vet_mtd,57,2017-11-18 12:12:31,RT @BrunoAm05317727: What will be the outcome for Northern Ireland on #Brexit? Vote and retweet for a big sample,Twitter Web Client,0,22,United Kingdom
931857621442859008,mrfgrimes1,238,2017-11-18 12:12:24,"RT @nicktolhurst: TThe language from the Sun here today on the Irish Govt &amp; Ireland is utterly indefensible, especially as its on #Brexit p‚Ä¶",Twitter for iPhone,0,24,N Ireland 
931857620410994688,RotscherVonWeck,375,2017-11-18 12:12:24,@StephanIsrael #Brexit: Swiss model better than Soros-EUrocrats protectorate model.,Twitter for iPhone,0,0,
931857600227840001,ianward2000,224,2017-11-18 12:12:19,"RT @smartnotstupid: If @Nigel_Farage doesn‚Äôt get a Knighthood for #brexit he should get it for this!

The jar of worms are now open, so mak‚Ä¶",Twitter for Android,0,175,"Paisley, Scotland"
931857592166637568,rickcyfarthfa,2866,2017-11-18 12:12:17,"RT @YesBrexit: And Ireland are playing hardball with the UK on the #Brexit trade deal? Come on, who REALLY needs who in this arrangement?
#‚Ä¶",Twitter for iPad,0,9,
931857578107252736,colredman,294,2017-11-18 12:12:14,"RT @markantro: Nearly ¬£600 for every man, woman and child in the UK.

My Christmas wish is to see @theresa_may resign

#Brexit üá¨üáß https://t‚Ä¶",Twitter for iPad,0,124,Liverpool
931857548596142080,creativeblock_,909,2017-11-18 12:12:07,"David Davis should not be allowed to quit #brexit. Its his project, his strategy, his failure, if he wants to quit‚Ä¶ https://t.co/3jwUAZBxuE",Twitter for iPhone,0,2,"Crawford, South Lanarkshire"
931857547824435201,Vortexmind,230,2017-11-18 12:12:07,"""üêÇIl bue che dice cornutoü§ò all'asinoüê¥"" üáÆüáπ - üá¨üáßThe pot calling the kettle black #Brexit https://t.co/2jEjV3cgNc",Twitter for Android,0,0,London
931857544326340608,RichardKing633,2938,2017-11-18 12:12:06,"@petertimmins3 There will be a new border after #Brexit. Whether it is agreed or not, or hard or soft depends on th‚Ä¶ https://t.co/iih10mCP7b",Twitter for iPhone,0,0,London
931857519277899776,drpaulmorgan,4230,2017-11-18 12:12:00,RT @dynamicqueso: @KateHoeyMP @campaignforleo @DavidDavisMP @EU_Commission More proof that #brexit is as dangerous a cult as #scientology.‚Ä¶,Tweetbot for iŒüS,0,1,Cardiff
931857491494916096,janemallett1,327,2017-11-18 12:11:53,"RT @Bonn1eGreer: It's truly outrageous.
It's like #DavidDavis  got the gig because he won some telly reality  show.
#Brexit https://t.co/2A‚Ä¶",Twitter for Android,0,48,"Dereham, England"
931857490962276352,kheatherbrown,937,2017-11-18 12:11:53,"RT @EngPatriot: Time that the new Irish PM realised we are Ireland's best friend and biggest trading partner, not the #EU  #BREXIT https://‚Ä¶",Twitter Web Client,0,3,
931857482653282305,Fuzzysongman,468,2017-11-18 12:11:51,"RT @InFactsOrg: ICYMI: Days into his new job, the latest #Brexit minister Martin Callanan was forced into an embarrassing correction in the‚Ä¶",Twitter for iPhone,0,27,
931857449618993152,smuji,290,2017-11-18 12:11:43,Perfectly exemplifies my problem with #brexit - even if the financials made sense (which they (cont) https://t.co/xF2ERA5Y6p,Tweetlogix,0,0,"iPhone: 55.975544,-3.187871"
931857439078670336,AnnaHeesomGreen,558,2017-11-18 12:11:41,"RT @WhyToVoteGreen: Please retweet if you are angry that our country is pursuing a disastrous   #Brexit, sold on lies &amp; promoted by people‚Ä¶",Twitter Web Client,0,265,"Cape Town, South Africa"
931857435068895232,oenanthe54,795,2017-11-18 12:11:40,@ghostlytom Being bored to death with endless repetitive discussions about #Brexit,Twitter Web Client,0,0,
931857425573048320,altmann_tim,46,2017-11-18 12:11:37,"RT @milneorchid: The craziness of @jeremycorbyn's support for #Brexit.

#StopBrexitHour #StopBrexit #Remain #Brexitshambles #EU #leave #4EU‚Ä¶",Twitter for Windows,0,325,
931857403401986048,ConfluenceTax,133,2017-11-18 12:11:32,"RT @sciencescanner: On what basis? As someone who spends all day, every day in UK biotech start-ups, #Brexit is never even cited as relevan‚Ä¶",Twitter for iPhone,0,2,"Cambridge, UK"
931857385072857088,alanmearns1,110,2017-11-18 12:11:28,"@screaminkid @LBC @tshep42 ""creative political animal"" profile is no help on your Brexit stance, so no idea what yo‚Ä¶ https://t.co/wzHXbkkiNl",Twitter Web Client,0,0,
931857347525398528,iceman0102,953,2017-11-18 12:11:19,"RT @smartnotstupid: If @Nigel_Farage doesn‚Äôt get a Knighthood for #brexit he should get it for this!

The jar of worms are now open, so mak‚Ä¶",Twitter for iPhone,0,175,"South East, England"
931857344367157248,david911fan,11,2017-11-18 12:11:18,#Brexit #TheresaMay   Putin Trump Farage. Brexit is a farce There is no mandate for Brexit just an opinion poll mis‚Ä¶ https://t.co/IIFwbS0GdR,Twitter for iPhone,0,0,
931857213412593664,epcarruthers,265,2017-11-18 12:10:47,RT @nickreeves9876: Arron Banks' heart (if he has any such thing) is with the ¬£7.5m he invested trying to buy #Brexit. Let's make that a wa‚Ä¶,Twitter for iPad,0,123,Edinburgh and Dormont
931857205627949056,LarsFJ1,209,2017-11-18 12:10:45,@PaulReadST @Redbear56Liz @paulw1415 @campbellclaret @GroupePSA The nature of production has changed into a supply‚Ä¶ https://t.co/nAqyPx3ndP,Twitter Web Client,0,0,Danmark
931857199239979009,51TJK,492,2017-11-18 12:10:44,RT @Remoaniac: Dear @guyverhofstadt please ask @DavidDavisMP to explain to my children why his #Brexit means they lose their #EU citizenshi‚Ä¶,Twitter for iPad,0,175,"Manchester, UK"
931857175353446400,iainbeith,705,2017-11-18 12:10:38,The #brexit devil is in the detail https://t.co/E7y7lEYthF,Twitter for iPhone,0,0,"London, England"
931857133305516032,suzyreid2,73,2017-11-18 12:10:28,RT @AngusRobertson: Taoiseach Leo Varadkar vows to block trade talks if Theresa May fails to explain border plans by next month #Brexit üá®üáÆ‚Ä¶,Twitter for Android,0,443,
931857131657146368,2016NJ1,198,2017-11-18 12:10:27,üîä Blow the whistle üîì@ #wikileaks #eagles #nygiants #nfl #netflix  #iTunes #Brexit #nyc #starbucks #uber #music‚Ä¶ https://t.co/Vq2zrVoqHz,Twitter Web Client,0,0,
931857114330468352,helenyg,16687,2017-11-18 12:10:23,"RT @lloydblankfein: Here in UK, lots of hand-wringing from CEOs over #Brexit. Better sense of the tough and risky road ahead. Reluctant to‚Ä¶",Twitter for iPhone,0,2109,"London, United Kingdom"
931857113009311744,Haystack001,424,2017-11-18 12:10:23,RT @UnitedEire2016: What was @EndaKennyTD doing with Threasa May last yr re #brexit as @campaignforleo &amp; @simoncoveney seem to be lost on w‚Ä¶,Twitter for iPhone,0,4,"Wexford, Ireland"
931857099977580544,EngPatriot,1444,2017-11-18 12:10:20,"Time that the new Irish PM realised we are Ireland's best friend and biggest trading partner, not the #EU  #BREXIT https://t.co/ERVmAXDTE6",Facebook,1,3,"Hillingdon,Middx"
931857098568282113,RickPoleway,1401,2017-11-18 12:10:20,@markantro #Brexit is for:,Twitter for Android,0,0,"Bristol, England"
931857098564128769,Ceejay62Cj,456,2017-11-18 12:10:20,RT @MalbertK: @mrjamesob Accusing the #BBC of ‚Äúgloomy‚Äù #Brexit coverage is like blaming their weather reports for the crap weather outside.,Twitter for Android,0,56,"Norwich,  Norfolk,  England"
931857066305769477,ChrispLOL,5669,2017-11-18 12:10:12,"RT @UoMPolicy: #OnEnergy - Batteries, Britain, and #Brexit. Professors Rob Dryfe &amp; Andrew Forsyth write #energy storage technologies &amp; thei‚Ä¶",Twitter for Android,0,5,Manchester Withington
931857056214249477,MOORMOT,497,2017-11-18 12:10:09,"A ‚Äòno deal‚Äô #Brexit could add 10 per cent to the price of German cars in the UK,  Berlin trade body has warned: https://t.co/NW9rUiCkjU",Hootsuite,0,0,KILLINGWORTH NE12 6DU
931857033791508480,LizBlagrove,643,2017-11-18 12:10:04,"RT @SW11simon: If, as rumoured, #DavidDavis throws in the towel, who should replace him?
#Brexit",Twitter for iPhone,0,17,"Former United Kingdom, Europe"
931857031652356096,edwardburgess1,125,2017-11-18 12:10:04,RT @PeterKGeoghegan: Just as well Irish politicians can‚Äôt read the UK press.... #brexit https://t.co/ek4tDBf4TA,Twitter Web Client,0,117,wigan
931857011498737664,kwr66,8538,2017-11-18 12:09:59,RT @PeterKGeoghegan: Just as well Irish politicians can‚Äôt read the UK press.... #brexit https://t.co/ek4tDBf4TA,Twitter for iPhone,0,117,"Edinburgh, Res Publica Scozia"
931856974840508416,UKurbanite,42,2017-11-18 12:09:50,RT @ThomasEvansGB: Ain't it the truth! #Brexit https://t.co/e5sg6UDAn8,Twitter Web Client,0,30,"South East, England"
931856967689220096,steelwatch1,57,2017-11-18 12:09:48,#BREXIT #WREXIT #EXITBREXIT ~ Rising alarm in Britain over Russian meddling in Brexit vote https://t.co/TeQlri6z1T,Twitter Web Client,0,0,
931856953139228672,lasancmt,1053,2017-11-18 12:09:45,@The_Flaneur16 I don't think that's true.  Plenty of people in the EU Commission have said they'd welcome UK back i‚Ä¶ https://t.co/5jItNWZmCQ,Twitter Web Client,0,0,"Limousin Area, France"
931856950178000896,n_atkinz,16,2017-11-18 12:09:44,RT @PeterKGeoghegan: Just as well Irish politicians can‚Äôt read the UK press.... #brexit https://t.co/ek4tDBf4TA,Twitter for Android,0,117,Little Stanion Uk
931856918422933504,ron611087,1175,2017-11-18 12:09:37,RT @emcmillanscott: ‚ÄúHigh time for a rethink over #Brexit‚Äù says former pro-Brexit heart of England weekly Evesham Journal in Nov 16 edition‚Ä¶,Twitter Web Client,0,71,"Caterham, England"
931856909879136256,RichardKing633,2938,2017-11-18 12:09:35,"@SLATUKIP Fixing the #BRexit date won‚Äôt hurt the UK but obviously it will hurt the #EUbudget. Oh dear! :)
#NODeal i‚Ä¶ https://t.co/LlxZoNM1av",Twitter for iPhone,0,0,London
931856901691920384,2016NJ1,198,2017-11-18 12:09:33,üîä Blow the whistle üîì@ #wikileaks #eagles #nygiants #nfl #netflix  #iTunes #Brexit #nyc #starbucks #uber #music‚Ä¶ https://t.co/7o4chLMr64,Twitter Web Client,0,0,
931856869689319424,joekdublin,18436,2017-11-18 12:09:25,RT @jurygroup: Do you believe that Germany and France have been the issue with unreasonable negotiations going forward with #Brexit? @David‚Ä¶,Twitter Web Client,0,114,Dublin
931856855860699136,annyarej,273,2017-11-18 12:09:22,RT @Pendler7OL: Sometimes the British forget that Europeans can read their papers but English hardly read any European newspapers. #Brexit‚Ä¶,Twitter for Android,0,9,"Lancs, UK"
931856853046263808,Hammertime019,958,2017-11-18 12:09:21,"RT @Ash_Hirani: @DanielJHannan Opposing #Brexit is NOT fair. This was a democratic decision. I do, however, believe that the problem of che‚Ä¶",Twitter for Android,0,3,"England, United Kingdom"
931856836306898944,cutter78,4095,2017-11-18 12:09:17,"@ottocrat Peace , stability and the integrity of the EU is more important to the EU states than the economic positi‚Ä¶ https://t.co/PB4f2wfY4V",Twitter for iPhone,0,0,warrington
931856830892007424,dirktherabbit,6836,2017-11-18 12:09:16,RT @zelo_street: Sun Taoiseach Smear BUSTED: abuse of @campaignforleo shows Murdoch press don't care about #Brexit fallout https://t.co/DUb‚Ä¶,Tweetbot for iŒüS,0,2,"London, England"
931856827444166661,Greg_5mith,3040,2017-11-18 12:09:15,"RT @Greg_5mith: #Europe To Be Flooded With 2nd #Refugee Wave..!

‚ñ∂Ô∏èhttps://t.co/PgPQSnqeLX

üá¨üáß#Brexit üá¨üáß#EUüá¨üáß #ASAPüá¨üáß https://t.co/lSKLOOXm‚Ä¶",Twitter Web Client,0,1,
931856825699520512,julietlodge2,1414,2017-11-18 12:09:14,"At #EU #Social Summit for Fair Jobs and Growth in Gothenburg, debate on cross-border collaboration to stop networks‚Ä¶ https://t.co/qI5pGxVJBv",Twitter for iPad,0,0,EU
931856814232260608,CCarlutti,838,2017-11-18 12:09:12,This is a great post that summarize how poor is the understanding of EU by Leavers https://t.co/0KItwpRyYZ via @ianjamesparsley #Brexit,Twitter Web Client,0,0,London
931856797639565317,dorsetforeurope,597,2017-11-18 12:09:08,RT @BBCkatyaadler: Whip out your opera glasses to view the parallel universes of #Brexit My thoughts: https://t.co/2YmYWuEkWm,Twitter for Android,0,49,"Dorset, SW, Great Britain, EU"
931856772507295745,fhathast_tha,235,2017-11-18 12:09:02,"RT @Corzi: Love this!
#Brexit #DavidDavis #Tusk #BrexitChaos #BrexitShambles #May #ScotRef #IndyRef #Yes2 #Scotland https://t.co/JTDbfOAtWt",Twitter Web Client,0,2,"Scotland, United Kingdom"
931856735072952320,Greg_5mith,3040,2017-11-18 12:08:53,"RT @Greg_5mith: Noel Gallagher on Brexit: ‚ÄúIn England, the #Brexit thing, it‚Äôs like, I can‚Äôt believe there‚Äôs so much noise about it‚Ä¶ It was‚Ä¶",Twitter Web Client,0,2,
931856712335790080,SimonCWeaver,4,2017-11-18 12:08:47,English independence would be logical extension of #Brexit and solve many of its problems.,Twitter for iPhone,0,0,
931856699211878401,VeritasLegalUK,3514,2017-11-18 12:08:44,The latest Veritas Legal UK! https://t.co/t4TyE9dIth #brexit #bankunderground,Paper.li,0,0,"Exeter, Devon"
931856674381582336,wff1022,1303,2017-11-18 12:08:38,RT @peterjukes: Here's Leave EU with Cambridge Analytica saying they were working together on #Brexit . Now both sides deny that. I wonder‚Ä¶,Twitter for iPhone,0,182,
931856669881053184,chris6770,658,2017-11-18 12:08:37,"RT @WhyToVoteGreen: ""Take back control?""

That was just a fraudulent advertising slogan.

#Brexit is about handing control to unaccountable‚Ä¶",Twitter Web Client,0,3,UK
931856591720239104,NewScienceWrld,73194,2017-11-18 12:08:19,The #Brexit Veto: How and Why Ireland raised the Stakes https://t.co/gWlgrWvcZY,Bad Kitty,1,0,World
931856552901754882,WriterInPyjamas,3831,2017-11-18 12:08:09,"RT @SW11simon: If, as rumoured, #DavidDavis throws in the towel, who should replace him?
#Brexit",Twitter for iPad,0,17,"üá™üá∫üá™üá∫UK, EUROPEüá™üá∫üá™üá∫"
931856548703473666,lasancmt,1053,2017-11-18 12:08:08,The typical reaction when you confront a #brexit shouting kipper fantasist with links to the official UK accounts a‚Ä¶ https://t.co/XRfShWMbyU,Twitter Web Client,0,0,"Limousin Area, France"
931856545507348481,lucille2067,465,2017-11-18 12:08:08,"We are either in or out.  We voted OUT.   How can U compromise OUT, one leg either side?  OUT IS OUT.  No compromis‚Ä¶ https://t.co/HtWxM08rRt",TweetDeck,0,0,london
931856543359864832,andynash,2001,2017-11-18 12:08:07,"Equivalent to about 3 years of ¬£350m a week.

Not only will the NHS not get their ¬£350m, but public services face t‚Ä¶ https://t.co/ghmlc24OcS",Buffer,0,0,"Sheffield, England"
931856496677310464,SuperSuop,139,2017-11-18 12:07:56,Clearly a an immediate threat to democracy is the farming of emotions played out on social media using algorithms.‚Ä¶ https://t.co/fGA3OrNi3e,Twitter for iPhone,0,0,
931856447864037376,garble999,237,2017-11-18 12:07:44,RT @PeterKGeoghegan: Just as well Irish politicians can‚Äôt read the UK press.... #brexit https://t.co/ek4tDBf4TA,Twitter Web Client,0,117,
931856433179709440,kingdonward,1294,2017-11-18 12:07:41,"RT @WhyToVoteGreen: ""Take back control?""

That was just a fraudulent advertising slogan.

#Brexit is about handing control to unaccountable‚Ä¶",Twitter Web Client,0,3,"Ilfracombe, Devon"
931856428725424130,creativeblock_,909,2017-11-18 12:07:40,"""No one wants a hard border..."" But this is precisely what comes of #Brexit, you wanted to take back control, this‚Ä¶ https://t.co/1Yr7J6UlmM",Twitter for iPhone,0,0,"Crawford, South Lanarkshire"
931856395141599238,LabourNHSJAN,3506,2017-11-18 12:07:32,"RT @Bonn1eGreer: I don't think they  ""seek""  anything.
They've moved on. 
Have a government to build.
Germany- #Brexit https://t.co/DQZNp02‚Ä¶",Twitter for Android,0,2,THE WORKERS MAKES THE 1% RICH
931856359133466625,Rob71350,1815,2017-11-18 12:07:23,"RT @Reasons2Remain: Hearing #Brexit Secretary, @DavidDavisMP, talk in Berlin yesterday it‚Äôs clear he is completely and utterly out of his d‚Ä¶",Twitter Web Client,0,82,
931856359070535680,BPowell300,247,2017-11-18 12:07:23,"RT @nicktolhurst: TThe language from the Sun here today on the Irish Govt &amp; Ireland is utterly indefensible, especially as its on #Brexit p‚Ä¶",Twitter Web Client,0,24,Scotland
931856343589380097,john1genius,1681,2017-11-18 12:07:20,"RT @WilliamPMack: Despite #ParadisePapers, David Davis' #Brexit impact study idiocy, cabinet resignations, the calamity of #UC, multiple al‚Ä¶",Twitter for Android,0,35,
931856320067719168,Gary_Mckenna,471,2017-11-18 12:07:14,RT @PeterKGeoghegan: Just as well Irish politicians can‚Äôt read the UK press.... #brexit https://t.co/ek4tDBf4TA,Twitter for Android,0,117,Manchester
931856311012249600,Rob_A_McConnell,259,2017-11-18 12:07:12,@uklabour policies are dependant upon #Brexit succeeding just enough. Whilst in EU there can be no nationalisation‚Ä¶ https://t.co/eZa1HfI5hP,Twitter for iPad,0,0,"North Devon, England, UK"
931856284005097472,AcademyOfRock,12592,2017-11-18 12:07:05,RT @viv_cooper: @AcademyOfRock @LBC If even Grimsby fishermen don‚Äôt want #Brexit then it must be stopped. If communities who voted #Leave n‚Ä¶,Twitter for Android,0,2,Worldwide Network
931856282738405377,LabourNHSJAN,3506,2017-11-18 12:07:05,"RT @Bonn1eGreer: It's truly outrageous.
It's like #DavidDavis  got the gig because he won some telly reality  show.
#Brexit https://t.co/2A‚Ä¶",Twitter for Android,0,48,THE WORKERS MAKES THE 1% RICH
931856280754573312,The_Grauniad,47,2017-11-18 12:07:05,"One Tweet.

That's all it took for @jackschofield to demolish @KateHoeyMP's #Brexit vision.

'Idiot' is putting it‚Ä¶ https://t.co/fDzadZtlle",TweetDeck,0,0,
931856260164718594,duks44,1481,2017-11-18 12:07:00,"RT @astro_trader: Interesting thought - lest they forget...
#Brexit #EU https://t.co/8ADHLcvSdi",Twitter for iPad,0,66,"Biggleswade, England "
931856259820769280,KamounLab,8776,2017-11-18 12:07:00,Point to this next time you hear ‚Äúthe will of the people‚Äù #Brexit https://t.co/EAVWBmxLJ0,Twitter for iPhone,0,2,"Norwich, UK"
931856232150962176,RickPoleway,1401,2017-11-18 12:06:53,"RT @nicktolhurst: TThe language from the Sun here today on the Irish Govt &amp; Ireland is utterly indefensible, especially as its on #Brexit p‚Ä¶",Twitter for Android,0,24,"Bristol, England"
931856216602574849,CCarlutti,838,2017-11-18 12:06:49,"This entire narrative""They need more than us"" from Leavers is a myth and intelligent people should have understood‚Ä¶ https://t.co/fcjYAPE6cJ",Twitter Web Client,0,0,London
931856214174130176,suemcdonald342,2699,2017-11-18 12:06:49,"RT @smartnotstupid: What kind of #brexit do you want?

#BBCQT 

Please Retweet",Twitter for iPhone,0,474,England
931856198843994112,ddek8124343,112,2017-11-18 12:06:45,RT @Kelticanz: @BBCNews Budget 2017 should adapt to #brexit https://t.co/NQLTCjCG52,Twitter for Android,0,19,
931856145211420672,AshtheTabbyCat,114,2017-11-18 12:06:32,@aha_io Can you build a roadmap to show us how stop #brexit please.,Twitter Web Client,0,0,United Kingdom
931856132997599232,Pro4TLZZ,1766,2017-11-18 12:06:29,"RT @SW11simon: If, as rumoured, #DavidDavis throws in the towel, who should replace him?
#Brexit",Twitter for Android,0,17,"London, England"
931856130258718720,dianelangford,3647,2017-11-18 12:06:29,RT @lewis_goodall: Irish PM Leo Varadkar tells me in interview for @SkyNews that on #Brexit talks the UK hasn't done nearly enough to move‚Ä¶,Twitter for iPhone,0,70,England
931856113368145920,TheMarketStorm,1389,2017-11-18 12:06:25,"RT @IanYorston: This week‚Äôs most interesting intervention.

#Brexit @LloydBlankfein @GoldmanSachs 

https://t.co/7kOM3vYK2J",aaaaaaaaaaaaaaaaaaaaaaaaaa4,0,1,
931856112198012930,StFilansDream,4405,2017-11-18 12:06:24,"RT @iaindocherty: *The* best thread on #brexit yet, by *the* best twitter commentator on same. Bravo.

https://t.co/C1CvPj8LEb",Twitter for iPad,0,3,Scotland is European
931856100495953920,Pro4TLZZ,1766,2017-11-18 12:06:22,"RT @WriterInPyjamas: Labour‚Äôs following the Tories over the cliff is the biggest shock, and the most horrifying part, of #Brexit. It‚Äôs stup‚Ä¶",Twitter for Android,0,12,"London, England"
931856060486488064,pitbullmomof4,2298,2017-11-18 12:06:12,"RT @zlando: Skate boards can be dangerous.
So is allowing people like this into your country!
#Brexit
#MAGA https://t.co/9wSP1wjuO3 1510986‚Ä¶",Twitter for Android,0,17,"Ohio, USA"
931856039032643584,DI_Goggles,505,2017-11-18 12:06:07,RT @brexitcountdow1: Brexit is 11916 hours away. #brexit,Twitter for iPhone,0,1,Liverpool
931856029746368514,DI_Goggles,505,2017-11-18 12:06:05,RT @brexitcountdow1: Brexit is 496 days away. #brexit,Twitter for iPhone,0,1,Liverpool
931856027875790848,onewendy,282,2017-11-18 12:06:04,RT @HMCabinetCat: Here's #Podcast No. 30 - an impression of what I hear every time David Davis gives a #Brexit update speech with Donald Tu‚Ä¶,Twitter Web Client,0,3,Europe
931856027724677120,RichardThomas37,1393,2017-11-18 12:06:04,"In couples therapy, if one person says there is a problem, there is a problem. The Prime Minister, in her dealings‚Ä¶ https://t.co/8xKPuG7agl",Twitter for iPhone,1,1,"Sussex,"
931856009273987073,LelJoyce,1719,2017-11-18 12:06:00,You sound like Donald Trump. He tweets like a child throwing a tantrum in a toyshop too #Brexit #GetOverIt https://t.co/W4T0rxF2nk,Twitter for iPad,1,0,On A Beautiful Island 
931855985618059264,DaDearga,541,2017-11-18 12:05:54,RT @garrettdonnelly: #Brexit This is what passes for an editorial in the Sun. UK is heading for a dark place. https://t.co/ENYjH5ba1v,Twitter for Android,0,9,B√ÅC | Mag nElta | EDZ
931855984133328896,FederalBritain,1471,2017-11-18 12:05:54,"@FreeofIdeology @mrchrisnewton @RickPoleway As if you cared about people, you voted for #Brexit",Twitter for Android,0,0,Gone fishing again
931855951518412801,feeflefifski,357,2017-11-18 12:05:46,"If ""no one wants a hard border"", why did you campaign for #Brexit, @KateHoeyMP? Brexit is entirely premised on havi‚Ä¶ https://t.co/v64vyVNtNQ",Twitter for Android,1,0,Stackton Tressel
931855941942857729,Doozy_45,1437,2017-11-18 12:05:44,BREXIT CHAOS: Why Johnson and Gove barely grasp the concept of compromise / #Brexit #StopBrexit https://t.co/dfSRiXXpRb,Twitter for Android,0,1,
931855923878023168,unclecrispies,918,2017-11-18 12:05:39,"RT @WilliamPMack: Despite #ParadisePapers, David Davis' #Brexit impact study idiocy, cabinet resignations, the calamity of #UC, multiple al‚Ä¶",Twitter for Android,0,35,"High Wycombe, England"
931855922506403841,mclusj,97,2017-11-18 12:05:39,"RT @TomFlynnTeeVee: Labour MP Emily Thornbury said that 'planes won't fly' after #Brexit. I'm sorry, I didn't know our ability to make our‚Ä¶",Twitter for iPhone,0,48,"England, United Kingdom"
931855908598091777,KernahanEuan,28,2017-11-18 12:05:36,RT @MalbertK: @mrjamesob Accusing the #BBC of ‚Äúgloomy‚Äù #Brexit coverage is like blaming their weather reports for the crap weather outside.,Twitter for iPhone,0,56,
931855901023141888,jordi_twit,1113,2017-11-18 12:05:34,"RT @martatrepat1: After Brexit and Catalonia, what will become of the EU? @AJEnglish  https://t.co/j8kecYv6Gf
#Catalonia #Brexit #Eu #democ‚Ä¶",Twitter for iPhone,0,3,Barcelona
931855900834398208,lasancmt,1053,2017-11-18 12:05:34,"@Nortie9 @Cailais @LBC Shall I explain the difference between #brexit facts and #brexit dimwit opinions to you?
If‚Ä¶ https://t.co/jc45k8WuJx",Twitter Web Client,0,0,"Limousin Area, France"
931855884975771648,AndreaGreenfie6,1352,2017-11-18 12:05:30,RT @Doozy_45: BREXIT NEWS ROUND-UP: Ireland will block progress of Brexit talks without border guarantee / #Brexit #Ireland https://t.co/a1‚Ä¶,Twitter for iPhone,0,2,Lewes Sussex
931855865279385600,wexfordkate,221,2017-11-18 12:05:25,RT @PeterKGeoghegan: Just as well Irish politicians can‚Äôt read the UK press.... #brexit https://t.co/ek4tDBf4TA,Twitter for Android,0,117,Dublin
931855833708793856,countercrank,64,2017-11-18 12:05:18,RT @PeterKGeoghegan: Just as well Irish politicians can‚Äôt read the UK press.... #brexit https://t.co/ek4tDBf4TA,Twitter Lite,0,117,
931855815975292929,yrotitna,1222,2017-11-18 12:05:14,"RT @Trump_ton: Dear MPs.

I am just about sick and tired of this.

If you oppose the idea of #Brexit, regardless of what your leadership th‚Ä¶",Twitter for iPhone,0,149,"London, UK"
931855805162360832,paultoll,321,2017-11-18 12:05:11,RT @Doozy_45: BREXIT CHAOS: Grimsby - The town wanting to have its fishcake and eat it / #Brexit #Fishing #Irony #StopBrexit https://t.co/X‚Ä¶,Twitter for iPhone,0,3,peterborough
931855802050203648,baxterontheloch,1333,2017-11-18 12:05:10,RT @PeterKGeoghegan: Just as well Irish politicians can‚Äôt read the UK press.... #brexit https://t.co/ek4tDBf4TA,Twitter Web Client,0,117,Garelochhead
931855798778650624,NorthJesmond,86,2017-11-18 12:05:10,"A ‚Äòno deal‚Äô #Brexit could add 10 per cent to the price of German cars in the UK,  Berlin trade body has warned: https://t.co/yGmmfd4RfD",Hootsuite,0,0,Newcastle Upon Tyne NE2 3NR
931855787584114688,Roland74938720,93,2017-11-18 12:05:07,RT @Doozy_45: BREXIT NEWS ROUND-UP: Ireland will block progress of Brexit talks without border guarantee / #Brexit #Ireland https://t.co/a1‚Ä¶,Twitter for iPhone,0,2,
931855780478967808,jonclea,285,2017-11-18 12:05:05,"RT @peterjukes: Again - and this is important (and historic when it comes to Putin) - the main thrust of his #Brexit Bots was ""fuelling ant‚Ä¶",Twitter Web Client,0,37,
931855774611132417,JP_Biz,7983,2017-11-18 12:05:04,A deeper look at the 'Macau option' from @seanwhelanRTE https://t.co/BET7GIYYV8 #Brexit,Twitter Web Client,0,0,Belfast
931855767166005248,zlando,27811,2017-11-18 12:05:02,"Not wanting ""Sharia"" in my country is NOT racist. I don't want Nazism or Cannibalism either, get it?‚Ä¶ https://t.co/k6jUqNudjD",Zlando,3,6,"Jerusalem, Israel"
931855754889519104,PaulNiland,3456,2017-11-18 12:04:59,"This is one of the unforeseen consequences of #Brexit. 

Sorry. Not unforeseen consequences. I meant to write ignor‚Ä¶ https://t.co/gkQuufIQ1Y",Twitter for Android,2,0,
931855742977609728,thestudiopast,402,2017-11-18 12:04:56,Pity they do not stand with the right to self determination of the citizens of the united kingdom who decided to‚Ä¶ https://t.co/3mdbTRxy6J,Twitter for Android,0,0, Lisburn. County Antrim.
931855739043373057,rockanroldie,1050,2017-11-18 12:04:55,"RT @WhyToVoteGreen: ""Take back control?""

That was just a fraudulent advertising slogan.

#Brexit is about handing control to unaccountable‚Ä¶",Twitter for iPhone,0,3,Gloucestershire
931855732198211586,Sue36650435,1984,2017-11-18 12:04:54,"RT @astro_trader: Interesting thought - lest they forget...
#Brexit #EU https://t.co/8ADHLcvSdi",Twitter for Android,0,66,"West Midlands, England"
931855706348802048,Prunella2,885,2017-11-18 12:04:48,"RT @nickreeves9876: David Davis wants free movement for Bankers and Lawyers, but not for ordinary people. 
#Brexit - restoring privilege fo‚Ä¶",Twitter for iPad,0,250,France
931855696630513664,ddek8124343,112,2017-11-18 12:04:45,"RT @nickreeves9876: David Davis wants free movement for Bankers and Lawyers, but not for ordinary people. 
#Brexit - restoring privilege fo‚Ä¶",Twitter for Android,0,250,
931855694445400064,geraintx86,10,2017-11-18 12:04:45,RT @nickbeddows: Yes I genuinely believe this is what's driving the right wing #Brexit Profit before people. Hence #legatum ostensibly Brit‚Ä¶,Twitter for Android,0,23,
931855679329112064,courty1793,95,2017-11-18 12:04:41,"A #Brexit poem:
Blame not those who voted #Leave or #Remain 
Its the Conservative Party that's gone insane
As an ex‚Ä¶ https://t.co/wsVRBZVDb0",Twitter Web Client,0,0,
931855668642045953,HMCabinetCat,15426,2017-11-18 12:04:39,Here's #Podcast No. 30 - an impression of what I hear every time David Davis gives a #Brexit update speech with Don‚Ä¶ https://t.co/47PJQlznGm,Twitter Web Client,12,3,Whitehall
931855663025844225,2016NJ1,198,2017-11-18 12:04:37,üîä Blow the whistle üîì@ #wikileaks #eagles #nygiants #nfl #netflix  #iTunes #Brexit #nyc #starbucks #uber #music‚Ä¶ https://t.co/G8fmgk2tfk,Twitter Web Client,0,0,
931855659188056065,ScepticalO,20,2017-11-18 12:04:36,"Nearly spat out my tea with Jef McAllister's ""its not all about the money"" in #Brexit Doh!! Seems the EU obsessed w‚Ä¶ https://t.co/2Op1heZPYq",Twitter Web Client,0,0,Canada
931855657992687616,WorldfNature,73370,2017-11-18 12:04:36,The #Brexit Veto: How and Why Ireland raised the Stakes https://t.co/dNZ9UoPdpl,DestroyTwitter,0,0,World
931855621539975168,seusssl,860,2017-11-18 12:04:27,"RT @GorettiSimon: I would love for moron @DavidDavisMP to detail exactly how he imagines the UK will have greater prosperity after #Brexit,‚Ä¶",Twitter for Android,0,9,northumberland. uk.
931855604938919941,whistler179,1167,2017-11-18 12:04:23,RT @lewis_goodall: Irish PM Leo Varadkar tells me in interview for @SkyNews that on #Brexit talks the UK hasn't done nearly enough to move‚Ä¶,Twitter for iPhone,0,70,
931855604154380289,BZ3L5IF56JZw2gt,0,2017-11-18 12:04:23,RT @signorfandi: The Brits are out from Europe two times in a week. #Brexit #Euro2016,Twitter Web Client,0,10,
931855573762695170,revolution_fr,2687,2017-11-18 12:04:16,RT @Bruegel_org: .@ZsoltDarvas makes a comprehensive assessment of assets &amp; liabilities that might factor in the #Brexit bill: https://t.co‚Ä¶,Twitter Lite,0,2,U
931855559749525504,DotDotDotDash,574,2017-11-18 12:04:13,RT @viv_cooper: @AcademyOfRock @LBC If even Grimsby fishermen don‚Äôt want #Brexit then it must be stopped. If communities who voted #Leave n‚Ä¶,Twitter Web Client,0,2,
931855556167585792,lancewalton,869,2017-11-18 12:04:12,RT @hywelowen: @ATB_66_ @ptab108 @ottocrat @Eanna_MacAodha #Brexit campaign did a great job of shifting blame for low workers' wages from n‚Ä¶,Twitter for iPhone,0,4,"Farnham, England"
931855531647565824,Ultra_Fox,2623,2017-11-18 12:04:06,"@MattTurner4L No it's not just you.  The Blairites in general, and this one in particular, have a real communicatio‚Ä¶ https://t.co/lpFSUTeDV1",Twitter Web Client,0,0,"Leicester, GB"
931855517118550018,KJerviel,19,2017-11-18 12:04:02,#brexit British can still change their minds #BrexitCrisis https://t.co/SwFPe1M8qN,Twitter for iPhone,0,0,
931855514409033728,FW_Research,1078,2017-11-18 12:04:02,"Everything you need to know when preparing for #Brexit

#trade #economy #UK #dispute #TMT #IP #data #migration‚Ä¶ https://t.co/vevFxa1Dp1",Sprout Social,0,0,"Birmingham, England"
931855513872207872,Roland74938720,93,2017-11-18 12:04:02,RT @Doozy_45: ICYMI - Number 10 remains tight-lipped on Russia targeting British voters for propaganda / #Brexit #StopBrexit https://t.co/A‚Ä¶,Twitter for iPhone,0,11,
931855501800935424,cobaltmale,2730,2017-11-18 12:03:59,RT @PeterKGeoghegan: Just as well Irish politicians can‚Äôt read the UK press.... #brexit https://t.co/ek4tDBf4TA,Twitter for Android,0,117,Dunfermline & Edinburgh
931855497606717442,k3books,11144,2017-11-18 12:03:58,"@flopsyb @stevencater1 @LBC @Nigel_Farage Democracy is the least worst system..
Democracy gave the UK citizens the‚Ä¶ https://t.co/i1HuxupXor",Twitter for Android,0,0,Leeds UK
931855487276109824,simon_lindsell,2086,2017-11-18 12:03:55,"Right.

Come on, #Brexit supporters.

Name me 5 concrete benefits of the UK leaving the EU.

*Checks watch*",Twitter for Android,0,0,Ramsgate
931855471031607296,JOANEY99,23,2017-11-18 12:03:51,RT @AngusRobertson: Taoiseach Leo Varadkar vows to block trade talks if Theresa May fails to explain border plans by next month #Brexit üá®üáÆ‚Ä¶,Twitter for iPhone,0,443,"Edinburgh, Scotland"
931855441851592705,GraziosiSergio,620,2017-11-18 12:03:45,"@Sarah_Montague @BBC Moreover, I get the impression (based on little evidence), that contempt for the public is qui‚Ä¶ https://t.co/Njeh9l7VCu",Twitter Web Client,0,0,London
931855438643191808,SnakeDjm,1177,2017-11-18 12:03:44,"RT @smartnotstupid: If @Nigel_Farage doesn‚Äôt get a Knighthood for #brexit he should get it for this!

The jar of worms are now open, so mak‚Ä¶",Twitter for Android,0,175,
931855423329648640,tomwhoscontrary,174,2017-11-18 12:03:40,"RT @TheBrexitComic: Britain's negotiating team

#Brexit https://t.co/i0yLKfWANd",Twitter for Android,0,126,London
931855408557363201,Gordon1000,1405,2017-11-18 12:03:37,RT @SimonGosden: Jesus H Christ this is what we‚Äôve come to in the #Brexit arguments. The very worst of reasons. https://t.co/O3jZAJiZ8S,Twitter for Android,0,43,"Inverness, Scotland"
931855405176774656,LeBouffre,51,2017-11-18 12:03:36,"RT @WhyToVoteGreen: Please retweet if you are angry that our country is pursuing a disastrous   #Brexit, sold on lies &amp; promoted by people‚Ä¶",Twitter Web Client,0,265,Paris (or maybe Hell) 
931855404312625152,AegeanSea13,586,2017-11-18 12:03:36,RT @euromaestro: EU President laughs at the UK's current negotiating position #Brexit Are talks headed to another deadlock? https://t.co/nM‚Ä¶,Twitter for Android,0,1,
931855381436956672,rratkinson,16534,2017-11-18 12:03:30,"RT @zlando: Skate boards can be dangerous.
So is allowing people like this into your country!
#Brexit
#MAGA https://t.co/9wSP1wjuO3 1510986‚Ä¶",Twitter for iPhone,0,17,"Lone Star State, USA"
931855369323851777,Jeni4clare,4929,2017-11-18 12:03:27,RT @PeterKGeoghegan: Just as well Irish politicians can‚Äôt read the UK press.... #brexit https://t.co/ek4tDBf4TA,Twitter Lite,0,117,
931855360150745089,AgendaForReform,273,2017-11-18 12:03:25,"@bbclaurak Money is only a problem for Tory party, NI border is totally insoluble, no solution in prospect, could b‚Ä¶ https://t.co/ycfsIyOssg",Twitter for iPad,0,0,"Cambridge, England"
931855357890187265,13sarahmurphy,2910,2017-11-18 12:03:25,RT @PeterKGeoghegan: Just as well Irish politicians can‚Äôt read the UK press.... #brexit https://t.co/ek4tDBf4TA,Twitter for iPhone,0,118,
931855355046514688,Sid_soothsayer,2999,2017-11-18 12:03:24,RT @DavidAsh_Author: @PeterKGeoghegan What exactly does @TheSun expect the Irish PM to accept? #Brexit is still in flux. No one knows what‚Ä¶,Twitter for iPhone,0,1,"Mumbai, India"
931855351372230656,2016NJ1,198,2017-11-18 12:03:23,üîä Blow the whistle üîì@ #wikileaks #eagles #nygiants #nfl #netflix  #iTunes #Brexit #nyc #starbucks #uber #music‚Ä¶ https://t.co/IdiewthdLV,Twitter Web Client,0,0,
931855348914315270,IainMac9,2244,2017-11-18 12:03:22,"Hello @jeremycorbyn and @UKLabour if you don‚Äôt oppose #brexit with every ounce of power or influence you have, I wi‚Ä¶ https://t.co/BTsrPX5C8c",Twitter for iPhone,0,0,Northumberland
931855328815304705,cutter78,4095,2017-11-18 12:03:18,#Brexit is a complete wankfest,Twitter for iPhone,1,0,warrington
931855308196065280,BuggerLePanda,4240,2017-11-18 12:03:13,RT @GeniusIWas: @markpalexander @BuggerLePanda The racists. They are still firmly in favour of #Brexit,Twitter for iPad,0,1,McMurdo Sound
931855299505545216,AHDB_Hort,5115,2017-11-18 12:03:11,"AHDB is helping growers address #Brexit labour challenges with four free #LabourEfficiency workshops, join now:‚Ä¶ https://t.co/VjWuC4aG6n",AgoraPulse Manager,0,0,
931855284716408832,viv_cooper,310,2017-11-18 12:03:07,@AcademyOfRock @LBC If even Grimsby fishermen don‚Äôt want #Brexit then it must be stopped. If communities who voted‚Ä¶ https://t.co/MgGgS5d5cm,Twitter for iPhone,1,2,
931855279456694272,citrusoil,1222,2017-11-18 12:03:06,RT @PeterKGeoghegan: Just as well Irish politicians can‚Äôt read the UK press.... #brexit https://t.co/ek4tDBf4TA,Twitter for iPhone,0,118,Clusterfuck
931855269063266304,seusssl,860,2017-11-18 12:03:03,"RT @nickreeves9876: David Davis wants free movement for Bankers and Lawyers, but not for ordinary people. 
#Brexit - restoring privilege fo‚Ä¶",Twitter for Android,0,250,northumberland. uk.
931855241368211456,RichardKing633,2938,2017-11-18 12:02:57,@bobbledavidson If we still have #NODEAL by Xmas the UK should pay nothing and simply walk away from the #Brexit ne‚Ä¶ https://t.co/dNdgNINzIL,Twitter for iPhone,0,0,London
931855235798183941,derrywan,217,2017-11-18 12:02:55,"RT @WhyToVoteGreen: Please retweet if you are angry that our country is pursuing a disastrous   #Brexit, sold on lies &amp; promoted by people‚Ä¶",Twitter for iPad,0,265,
931855223286566912,bdeakin7_bill,213,2017-11-18 12:02:52,"RT @WriterInPyjamas: I want to #stopbrexit so others don‚Äôt experience the loss of a twenty year old company, as I have. #Brexit is not buil‚Ä¶",Twitter for iPad,0,220,
931855215606853634,ManDoesOdd,711,2017-11-18 12:02:51,RT @PeterKGeoghegan: Just as well Irish politicians can‚Äôt read the UK press.... #brexit https://t.co/ek4tDBf4TA,Twitter for Android,0,118,
931855202432552962,GorettiSimon,683,2017-11-18 12:02:47,"@theresa_may 
@DavidDavisMP
@jeremycorbyn 
@Keir_Starmer 

Does your #brexit strategy in any way risk violating the‚Ä¶ https://t.co/lZo74fBUsc",Twitter Web Client,0,0,Spain
931855200075309057,Juzza07,292,2017-11-18 12:02:47,He caught me at a bad time (rushing for 12pm brekkie cut off) though feel a bit bad for giving the UKIP/ Brexit lea‚Ä¶ https://t.co/KPQX6RSGwT,Twitter for Android,1,0,Weybridge & Christchurch
931855186125099008,BermudaBat,429,2017-11-18 12:02:44,"#datelinelondon int debate on #Brexit &amp; Francis is right, the eu want to make the UK departure as hard as possible‚Ä¶ https://t.co/YozFV361sH",Twitter Web Client,2,0,London
931855182018830337,OrcFreeman,546,2017-11-18 12:02:43,"RT @smartnotstupid: What kind of #brexit do you want?

Please Retweet",Twitter for Android,0,235,
931855158706933760,caracal,980,2017-11-18 12:02:37,RT @nickbeddows: Yes I genuinely believe this is what's driving the right wing #Brexit Profit before people. Hence #legatum ostensibly Brit‚Ä¶,Twitter Web Client,0,23,"Norwich, England"
931855153287847936,MichelleRolfe2,470,2017-11-18 12:02:36,RT @BrunoAm05317727: What will be the outcome for Northern Ireland on #Brexit? Vote and retweet for a big sample,Twitter for Android,0,22,Shrewsbury UK
931855150892961793,CatherineGegout,300,2017-11-18 12:02:35,"No to #Brexit #joblosses #uncertainty #hate #nationalism #littleEngland, Yes to #Remain #stability‚Ä¶ https://t.co/wBLUr0GsEb",Twitter Web Client,1,0,"Firenze, Toscana"
931855139903803392,RobertBadia,1663,2017-11-18 12:02:33,"RT @martatrepat1: After Brexit and Catalonia, what will become of the EU? @AJEnglish  https://t.co/j8kecYv6Gf
#Catalonia #Brexit #Eu #democ‚Ä¶",Twitter for iPhone,0,3,"Barcelona, Catalonia, Europe"
931855139518009345,GrantMcKenzie10,240,2017-11-18 12:02:32,RT @just_polling: UK people do you expect #brexit will change the visits you make to #EU countries?,Twitter Web Client,0,3,"Elgin, Scotland"
931855137949257733,RichardKing633,2938,2017-11-18 12:02:32,RT @ThomasEvansGB: Ain't it the truth! #Brexit https://t.co/e5sg6UDAn8,Twitter for iPhone,0,30,London
931855136623943680,City_Livery_SM,2522,2017-11-18 12:02:32,@reform_campaign @HelenRushby1 @lunaperla @BuddyMum @clacksee @FeelingAntsy @spaceangel1964 @snakegrip @Rachel_T_G‚Ä¶ https://t.co/vLpOlpjnxz,Twitter Web Client,6,2,"London, England"
931855130814767104,lauriandavies,159,2017-11-18 12:02:30,RT @MalbertK: @mrjamesob Accusing the #BBC of ‚Äúgloomy‚Äù #Brexit coverage is like blaming their weather reports for the crap weather outside.,Twitter for iPhone,0,56,"Hackney, London"
931855123873259521,FalcoSubbuteo,9,2017-11-18 12:02:29,RT @MalbertK: @mrjamesob Accusing the #BBC of ‚Äúgloomy‚Äù #Brexit coverage is like blaming their weather reports for the crap weather outside.,Twitter for iPhone,0,56,
931855102524186624,MattScript,149,2017-11-18 12:02:24,@MuslimIQ How did this rape gang vote in the #Brexit referendum?,Twitter for Android,0,0,UK
931855041388007424,AlexeiMonroe,602,2017-11-18 12:02:09,RT @PeterKGeoghegan: Just as well Irish politicians can‚Äôt read the UK press.... #brexit https://t.co/ek4tDBf4TA,Twitter Lite,0,118,
931855019435089920,guse_guse,1503,2017-11-18 12:02:04,"RT @WriterInPyjamas: Labour‚Äôs following the Tories over the cliff is the biggest shock, and the most horrifying part, of #Brexit. It‚Äôs stup‚Ä¶",Twitter for iPad,0,12,"England, United Kingdom"
931855018818490369,PaulvonMitchell,193,2017-11-18 12:02:04,@EUflagmafia @steviweavi Can I say I profoundly disagree with @Jacob_Rees_Mogg but please do not call him a traitor. #stopbrexit #brexit,Twitter for Android,0,0,
931854992033673217,Lqb3blLe0u8cSJF,3,2017-11-18 12:01:57,"RT @GCGodfrey: After #Brexit, what's next? 
Grexit 
Departugal 
Italeave 
Czechout
Oustria
Finish
Slovakout
Latervia
Byegium
Swedone",Twitter Web Client,0,7252,
931854986962788357,RichardKing633,2938,2017-11-18 12:01:56,@AngusRobertson If we still have #NODEAL by Xmas the UK should pay nothing and simply walk away from the #Brexit ne‚Ä¶ https://t.co/V3lnYMKnJe,Twitter for iPhone,0,0,London
931854985192620032,arwon,1462,2017-11-18 12:01:56,RT @PeterKGeoghegan: Just as well Irish politicians can‚Äôt read the UK press.... #brexit https://t.co/ek4tDBf4TA,Twitter Web Client,0,118,Canberra
931854979186483201,Jo_LibDem,544,2017-11-18 12:01:54,"RT @lesbonner: RT @RCorbettMEP: How long is the list of #Brexit problems that no one mentioned at the time of the referendum?
https://t.co/‚Ä¶",Twitter for Android,0,9,"Hertfordshire, UK."
931854973016727554,marciaj64,2176,2017-11-18 12:01:53,RT @vincecable: .@thetimes confirms gross violation of uk sovereignty  by #RussianTroll backing #Brexit.  @theresa_may must challenge @Puti‚Ä¶,Twitter for Windows,0,152,Taunton Somerset 
931854951764189185,dafyddmihangel,1493,2017-11-18 12:01:48,"""England's difficulties are Ireland's opportunities!"" @M_AndersonSF If you never knew how Ireland achieved its free‚Ä¶ https://t.co/kQgIgpmLqd",Twitter Web Client,0,0,Cymru
931854927302987777,CurrentAffair99,94,2017-11-18 12:01:42,#Putin s #Russia seem to be using #socialmedia to great effect in order to further their geopolitical goals! Seem t‚Ä¶ https://t.co/W7EeGYbPkf,Twitter for iPhone,0,0,
931854906595729408,EvsSimon,71,2017-11-18 12:01:37,"RT @jonworth: This is a fab thread. Matter of fact language and top emoji use!

#Brexit https://t.co/MJXuYazGrG",Twitter for Windows,0,6,Swansea
931854902623719429,GeniusIWas,473,2017-11-18 12:01:36,@markpalexander @BuggerLePanda The racists. They are still firmly in favour of #Brexit,Twitter for Android,1,1,The Handsome Devil's Club
931854901092724736,suefew,542,2017-11-18 12:01:36,"RT @WilliamPMack: Despite #ParadisePapers, David Davis' #Brexit impact study idiocy, cabinet resignations, the calamity of #UC, multiple al‚Ä¶",Twitter for iPad,0,35,"Bury, Manchester, UK"
931854888254009345,LaurenG2911,396,2017-11-18 12:01:33,"RT @dickon_gough: 'If that is what you want, why are you leaving?' Beautifully phrased, pertinent question by German journalist. #brexit is‚Ä¶",Twitter for iPad,0,5,Inside My Mind
931854881404719104,ipcrimeunit,10958,2017-11-18 12:01:31,RT @ACID_tweets: ACID is YOUR voice at the negotiating table post #BREXIT &amp; #IP https://t.co/kbJXDq3DCe,Twitter for iPhone,0,2,"Manchester, UK"
931854874370887680,Pdixie80,180,2017-11-18 12:01:29,RT @PeterKGeoghegan: Just as well Irish politicians can‚Äôt read the UK press.... #brexit https://t.co/ek4tDBf4TA,Twitter for Windows Phone,0,118,
931854863776051201,MagaMammy,3248,2017-11-18 12:01:27,"RT @zlando: Skate boards can be dangerous.
So is allowing people like this into your country!
#Brexit
#MAGA https://t.co/9wSP1wjuO3 1510986‚Ä¶",Twitter for iPhone,0,17,"Texas, USA"
931854853097295878,Poorboy_stories,2342,2017-11-18 12:01:24,RT @ACID_tweets: ACID is YOUR voice at the negotiating table post #BREXIT &amp; #IP https://t.co/kbJXDq3DCe,Twitter Web Client,0,2,Scotland/USA
931854828925603840,sweetlittlehifi,263,2017-11-18 12:01:18,RT @PeterKGeoghegan: Just as well Irish politicians can‚Äôt read the UK press.... #brexit https://t.co/ek4tDBf4TA,TweetDeck,0,118,Donostia San Sebastian
931854818913726465,IsThisAB0t,2486,2017-11-18 12:01:16,RT @MoFloMoJo: Unionists cannot logically claim the *possibility* of #brexit was acknowledged in the #indyref verdict without conceding the‚Ä¶,BOGBOT,0,1,"Scotland, United Kingdom"
931854818209075200,Meghan_1807,250,2017-11-18 12:01:16,@nickreeves9876 A #bargainingchip would like to thank you and all the #Remain supporters fighting #Brexit &amp; its poi‚Ä¶ https://t.co/NafKve6eeh,Mobile Web (M2),2,0,
931854804376096768,johnb78,5369,2017-11-18 12:01:13,RT @PeterKGeoghegan: Just as well Irish politicians can‚Äôt read the UK press.... #brexit https://t.co/ek4tDBf4TA,Twitter for Android,0,118,"Sydney, Australia"
931854799204646912,PatrioticAllies,216,2017-11-18 12:01:11,"RT @WhyToVoteGreen: Please retweet if you are angry that our country is pursuing a disastrous   #Brexit, sold on lies &amp; promoted by people‚Ä¶",Twitter for Android,0,265,"North West, England"
931854793408118784,DarrenEwers,893,2017-11-18 12:01:10,How the City of London can survive Brexit https://t.co/N9GYL2OPNv via @FT #brexit,Twitter Web Client,0,0,"London, England"
931854791055159297,RichardKing633,2938,2017-11-18 12:01:09,@eucopresident @theresa_may If we still have #NODEAL by Xmas the UK should pay nothing and simply walk away from th‚Ä¶ https://t.co/Dcxd15Rat7,Twitter for iPhone,0,0,London
931854752169824257,johnmerro1,16179,2017-11-18 12:01:00,RT @PeterKGeoghegan: Just as well Irish politicians can‚Äôt read the UK press.... #brexit https://t.co/ek4tDBf4TA,Twitter Web Client,0,118,
931854750227759104,ACID_tweets,9283,2017-11-18 12:01:00,ACID is YOUR voice at the negotiating table post #BREXIT &amp; #IP https://t.co/kbJXDq3DCe,Hootsuite,2,2,UK
931854744896921600,ElmaEurope,2695,2017-11-18 12:00:58,Coca-Cola Could ‚ÄòReview‚Äô Irish Operations Following Brexit: Reports https://t.co/xxuctCGPpd #Coca-Cola #Brexit #Ireland @ElmaEurope,Hootsuite,0,0,UK
931854736252391424,DearMeYes,2874,2017-11-18 12:00:56,RT @PeterKGeoghegan: Just as well Irish politicians can‚Äôt read the UK press.... #brexit https://t.co/ek4tDBf4TA,Twitter for iPad,0,118,"Glasgow,YES/SNP CITY,Scotland."
