,tweet_id,username,verified,followers,created_at,tweet_text,reply_to_user,reply_to_tweet,platform,quoted,retweeted,likes,retweets,user_location
0,934572402494799873,onlyconnect71,False,93,2017-11-25 23:59:58,RT @Undercover_mole: The 7th YouGov poll that has give Remain a lead and shows that people are regretting the decision to leave the EU. It'‚Ä¶,,,Twitter for iPad,False,False,0,200,Yorkshire
4,934572378574807041,R3Cooper,False,419,2017-11-25 23:59:53,RT @mikegalsworthy: Brexit doesn't work as advertised - it's a bust product. So let's take it back to the shop and say no thanks. https://t‚Ä¶,,,Twitter for iPad,False,False,0,2044,"Coniston, England"
6,934572356340715520,AnthonyMortlock,False,175,2017-11-25 23:59:47,@jeremycorbyn @UKLabour BREXIT.Theres now so much bad news affecting working people along with proof that the leave‚Ä¶ https://t.co/NGZQLxl4l4,jeremycorbyn,9.344629529580831e+17,Twitter for iPad,False,False,0,0,
7,934572355233435649,MarkPendleton,False,231,2017-11-25 23:59:47,"RT @chopking: So by my reckoning, we should be ready to see if the democratic will of the people has changed regarding Brexit, 763 days aft‚Ä¶",,,Twitter for iPad,False,False,0,1,"Cardiff, Wales"
18,934572312434827265,C0mfortablyNum6,False,296,2017-11-25 23:59:37,"RT @Far_Right_Watch: .@LPerrins : ""Fact: people voted #Brexit to leave EU to re-establish sovereignty""

Nope. Their was one clearly documen‚Ä¶",,,Twitter Web Client,False,False,0,40,UK
24,934572270265257986,RogerXMathew,False,328,2017-11-25 23:59:27,"RT @RedHotSquirrel: The stench of betrayal...  Leaked papers reveal transitional deal conditional on accepting new EU rules.

https://t.co/‚Ä¶",,,Twitter for iPad,False,False,0,395,
33,934572230331179008,C0mfortablyNum6,False,296,2017-11-25 23:59:17,Where are those 58 #Brexit impact statements @DavidDavisMP?,,,Twitter Web Client,False,False,1,0,UK
39,934572211075256330,LiveEUDebate,False,24506,2017-11-25 23:59:13,"RT @rocciabella: If you voted leave but now, in light of the financial data, wished you had voted remain then join us. You are not alone. T‚Ä¶",,,Live EU Debate,False,False,0,35,UK
44,934572182541303809,iainpdooley,False,888,2017-11-25 23:59:06,"@hiltonholloway But apparently that‚Äôs cool. Meanwhile, people are losing their shit over Brexit, so far, only costi‚Ä¶ https://t.co/yQNO7B2eci",hiltonholloway,9.345631954942894e+17,Twitter for iPad,False,False,1,0,UK
48,934572163448868865,Pt2537,False,1103,2017-11-25 23:59:01,RT @annaturley: These are the people driving Brexit. How is this ‚Äòtaking back control‚Äô? Putin's link to Boris and Gove's Brexit 'coup' reve‚Ä¶,,,Twitter for Windows Phone,False,False,0,12,Hampshire
52,934572146864648192,ElTheochari,False,854,2017-11-25 23:58:57,RT @DVATW: I don‚Äôt WANT a deal with this mob. WALK AWAY. https://t.co/JQ898g1K71,,,Twitter Web Client,False,False,0,193,Greece Athens  Rhodes
54,934572143345627138,MarkPendleton,False,231,2017-11-25 23:58:57,RT @DavidLammy: Just a reminder that this was 17 days ago. 3 week deadline for publication of Brexit impact studies is next Tuesday. https:‚Ä¶,,,Twitter for iPad,False,False,0,1079,"Cardiff, Wales"
65,934572091189399553,GuyLWilson,False,55,2017-11-25 23:58:44,"RT @BrexitBin: Is the UK a broken society?
- Yes.
Did frustration cause many people to vote Brexit?
- Yes.
Will Brexit solve the problems?‚Ä¶",,,Twitter for iPhone,False,False,0,709,
77,934572043638595586,jacquep,False,5352,2017-11-25 23:58:33,"@SharonV777 You said about EU money being other people money. Well, UK taxes are other people money including mine.‚Ä¶ https://t.co/wfHDcLSHdS",SharonV777,9.345704300353085e+17,Twitter for Android,False,False,1,2,"North Yorkshire, UK"
82,934572036025962497,SamanthaPepys,False,311,2017-11-25 23:58:31,RT @DavidLammy: Just a reminder that this was 17 days ago. 3 week deadline for publication of Brexit impact studies is next Tuesday. https:‚Ä¶,,,Twitter for iPad,False,False,0,1079,
92,934572001879932928,wileycoyote12,False,26,2017-11-25 23:58:23,‚ÄòI thought I‚Äôd put in a protest vote‚Äô: the people who regret voting leave https://t.co/neMJNDOskT,,,Twitter for Android,False,False,0,0,
93,934571993759969280,lesleyanneheap,False,145,2017-11-25 23:58:21,"RT @BrexitBin: Is the UK a broken society?
- Yes.
Did frustration cause many people to vote Brexit?
- Yes.
Will Brexit solve the problems?‚Ä¶",,,Twitter for iPad,False,False,0,709,
94,934571991931281408,VinaigretteGirl,False,436,2017-11-25 23:58:21,"RT @BrexitBin: Is the UK a broken society?
- Yes.
Did frustration cause many people to vote Brexit?
- Yes.
Will Brexit solve the problems?‚Ä¶",,,Twitter for iPhone,False,False,0,709,"Oxford, England"
118,934571895575470081,C0mfortablyNum6,False,296,2017-11-25 23:57:58,RT @smilinglaura: I think we should tweet @DavidDavisMP EVERY DAY asking about the 58 Brexit impact studies to be released until he respond‚Ä¶,,,Twitter Web Client,True,False,0,247,UK
140,934571799496491009,nobbyclark2014,False,1389,2017-11-25 23:57:35,RT @carole99897: BREXIT FURY: Leaked papers reveal transitional deal CONDITIONAL on accepting NEW EU rules https://t.co/yKyuiJSca2,,,Twitter for Windows,False,False,0,23,
141,934571799148400640,ArielBlocker,False,1608,2017-11-25 23:57:35,‚ÄòI thought I‚Äôd put in a protest vote‚Äô: the people who regret voting leave https://t.co/4Cpt50BgHB,,,Twitter for iPad,False,False,0,0,Bristol (UK) and Lyon (France)
148,934571778101448705,JimCuthbert,False,103,2017-11-25 23:57:30,RT @grahambsi: Just how many billions of our money will this government waste before people come to their senses and reject Brexit?,,,Twitter for Android,False,False,0,123,"Kingston upon Thames, Surrey"
150,934571772531310593,Harp3rBoy,False,861,2017-11-25 23:57:28,RT @ChukaUmunna: ‚ÄòI thought I‚Äôd put in a protest vote‚Äô: the people who regret voting leave https://t.co/t1NWI8bI5D,,,Twitter for Android,False,False,0,228,Rosie üíó
158,934571751027200001,Kennaz2,False,567,2017-11-25 23:57:23,@jtchivers @brexzit @DickosClarets @vet_mtd @sizjam68 @Michael_Heaver @LeaveEUOfficial I am sure for people of a ce‚Ä¶ https://t.co/IWdKNE5F07,jtchivers,9.345444852451697e+17,Twitter for iPad,False,False,0,0,
159,934571750758797312,ljonesljones14,False,444,2017-11-25 23:57:23,RT @carole99897: BREXIT FURY: Leaked papers reveal transitional deal CONDITIONAL on accepting NEW EU rules https://t.co/yKyuiJSca2,,,Twitter Web Client,False,False,0,23,United Kingdom
166,934571716415840256,rentonMAGA,False,16597,2017-11-25 23:57:15,"RT @POLITICOEurope: If Barnier gets his way, Britain could have to fork out at least¬†‚Ç¨10 billion more to secure a Brexit transition deal ht‚Ä¶",,,Twitter Web Client,False,False,0,11,United Kingdom
178,934571689375084546,RemainingKind,False,2873,2017-11-25 23:57:08,RT @JolyonMaugham: What we do know is that they want to keep it a secret. And so they gave the money to some shady pro Brexit group called‚Ä¶,,,Twitter for iPhone,False,False,0,94,"Hereford, England"
184,934571668671991808,cat23692,False,169,2017-11-25 23:57:03,"RT @thesymbolic: Arlene Foster doesn‚Äôt speak for Northern Ireland. She isn‚Äôt the first Minister. The people themselves have spoken, and sai‚Ä¶",,,Twitter for Android,False,False,0,558,Fear Manach
187,934571660425998336,McDowellBt,False,645,2017-11-25 23:57:02,RT @ChukaUmunna: ‚ÄòI thought I‚Äôd put in a protest vote‚Äô: the people who regret voting leave https://t.co/t1NWI8bI5D,,,Twitter for iPad,False,False,0,228,England
188,934571658521825280,MikeSRigby,False,1997,2017-11-25 23:57:01,@Randomisation20 @fodohpf Many people I speak to like a lot of Corbyn‚Äôs policies but can‚Äôt support the man himself‚Ä¶ https://t.co/by7XfFQMnB,Randomisation20,9.345670958656307e+17,Twitter for iPhone,False,False,0,0,"Somerset, UK"
194,934571635826479105,Diana_abbs,False,255,2017-11-25 23:56:56,RT @smilinglaura: I think we should tweet @DavidDavisMP EVERY DAY asking about the 58 Brexit impact studies to be released until he respond‚Ä¶,,,Twitter for iPad,True,False,0,247,"J√°vea,Costa Blanca"
203,934571610970849280,HavingChips4Tea,False,127,2017-11-25 23:56:50,"RT @Far_Right_Watch: .@LPerrins : ""Fact: people voted #Brexit to leave EU to re-establish sovereignty""

Nope. Their was one clearly documen‚Ä¶",,,Twitter Web Client,False,False,0,40,United Kingdom
211,934571599839334400,Pierssy,False,582,2017-11-25 23:56:47,"RT @woofit79: @TheresaMEP @Labour4EU Only the press made people think the EU was not good value in the first place, The majority of people‚Ä¶",,,Twitter Web Client,False,False,0,4,Forest of Dean UK
215,934571585536712704,stousee,False,158,2017-11-25 23:56:44,‚ÄòI thought I‚Äôd put in a protest vote‚Äô: the people who regret voting leave | Politics | The Guardian https://t.co/5H9nWoPAgv,,,Twitter for iPad,False,False,0,0,"Portsmouth, England"
222,934571561918586880,Far_Right_Watch,False,20413,2017-11-25 23:56:38,".@LPerrins : ""Fact: people voted #Brexit to leave EU to re-establish sovereignty""

Nope. Their was one clearly docu‚Ä¶ https://t.co/l6u4XbLLWQ",,,TweetDeck,False,False,47,40,London Frankfurt Bordeaux Malmo
225,934571554482151424,dgallagher000,False,378,2017-11-25 23:56:36,"RT @BremainInSpain: Excellent article by @Otto_English on suppressed public shame.
A very basic principle of human psychology: few people a‚Ä¶",,,Twitter for Android,False,False,0,119,NW England
246,934571497385021441,Gordy_Mc1ntosh,False,772,2017-11-25 23:56:23,RT @StopBrexitMarch: We welcome everyone who regrets voting leave! Time to work together to get UK Gov &amp; MPs to act in the best interests o‚Ä¶,,,Twitter for Android,False,False,0,36,
255,934571470562516998,OldBlokeUK,False,261,2017-11-25 23:56:16,RT @TheNewEuropean: Which reminds us... where are those Brexit impact papers?  https://t.co/GOFZ1vgufD,,,Twitter for Android,False,False,0,184,Lancashire
256,934571469148950528,ljonesljones14,False,444,2017-11-25 23:56:16,Senior Tories back pro-Brexit campaign group's plans to end low-skilled migration https://t.co/8amTd7j7LW via @telegraphnews,,,Twitter Web Client,False,False,0,0,United Kingdom
259,934571462333272064,bobbysmiff,False,1573,2017-11-25 23:56:14,"RT @spaceangel1964: Please help this project to collect real stories of the emerging impact of ""UK Brexit"" on businesses.
Add any you know‚Ä¶",,,Twitter Web Client,False,False,0,541,"West London , England"
280,934571395329220608,Londonkiltmake1,False,634,2017-11-25 23:55:58,"RT @pledgeforeurope: The people we need to get campaigning alongside us, telling their story #BrexitCanBeBeaten https://t.co/0ErkMUMyo8",,,Twitter for iPhone,False,False,0,2,
285,934571363943288833,hknormington,False,145,2017-11-25 23:55:51,"RT @MaryCreaghMP: The economic cost of Brexit in GDP - ¬£72 bn in lost jobs, taxes and spending by 2021. Business Insider https://t.co/vFLov‚Ä¶",,,Twitter for Android,False,False,0,81,
318,934571268229263360,bobbysmiff,False,1573,2017-11-25 23:55:28,RT @TheNewEuropean: Which reminds us... where are those Brexit impact papers?  https://t.co/GOFZ1vgufD,,,Twitter Web Client,False,False,0,184,"West London , England"
320,934571265792278528,iCreateOFX,False,79,2017-11-25 23:55:27,‚ÄúDid Russian bots impact Brexit?‚Äù by @OctSkyward https://t.co/7iB4STePoH,,,Twitter Web Client,False,False,0,0,"London, England"
321,934571264164982786,Rusty_Rascal,False,320,2017-11-25 23:55:27,"RT @MaryCreaghMP: The economic cost of Brexit in GDP - ¬£72 bn in lost jobs, taxes and spending by 2021. Business Insider https://t.co/vFLov‚Ä¶",,,Twitter for iPhone,False,False,0,81,Salisbury United Kingdom
324,934571258871611392,Ashley_Hoyland,False,94,2017-11-25 23:55:26,RT @Samfr: I wonder if there's a reason why it's so hard to find people who really understand how Govt works and also back Brexit? https://‚Ä¶,,,Twitter for Android,True,False,0,364,North of England
326,934571251254906880,heffyp,False,211,2017-11-25 23:55:24,"RT @RedHotSquirrel: The stench of betrayal...  Leaked papers reveal transitional deal conditional on accepting new EU rules.

https://t.co/‚Ä¶",,,Twitter for iPad,False,False,0,395,London
333,934571241368965120,FeelingAntsy,False,130,2017-11-25 23:55:22,"https://t.co/o3g9Qmwfse. 
""The leave vote has been completely hijacked by the extreme right"" Leave voter.",,,Twitter for iPad,False,False,1,0,
339,934571219549954048,t_phuck,False,663,2017-11-25 23:55:16,RT @LouiseBagshawe: EXCLUSIVE: UK üá¨üáß intelligence sources say #Brexit referendum so flooded with Russian money and bots as not to be ‚Äúfree‚Ä¶,,,Twitter for Android,False,False,0,241,XJP
341,934571212927356928,iamLeeBrenton,False,784,2017-11-25 23:55:15,@ElectoralCommUK Who gave the DUP the money for the Metro Brexit adverts?,ElectoralCommUK,9.337382332125676e+17,Twitter for iPhone,False,False,0,0,Berlin
344,934571204962381824,westonion10,False,554,2017-11-25 23:55:13,The delusions of you leave morons has no bounds. If the @UKLabour party does not actively oppose Brexit by 2018 I w‚Ä¶ https://t.co/dTZv7m6HNS,,,Twitter for Android,True,False,0,0,"Weston-super-Mare, England"
352,934571186641690624,RCgothic,False,275,2017-11-25 23:55:09,RT @TheNewEuropean: Which reminds us... where are those Brexit impact papers?  https://t.co/GOFZ1vgufD,,,Twitter for Android,False,False,0,184,UK
357,934571175400951808,mikeonthemarne,False,626,2017-11-25 23:55:06,RT @smilinglaura: I think we should tweet @DavidDavisMP EVERY DAY asking about the 58 Brexit impact studies to be released until he respond‚Ä¶,,,Twitter for Android,True,False,0,247,France
372,934571112859688960,preshn9,False,260,2017-11-25 23:54:51,RT @DavidLammy: Just a reminder that this was 17 days ago. 3 week deadline for publication of Brexit impact studies is next Tuesday. https:‚Ä¶,,,Twitter for Android,False,False,0,1079,
377,934571096166330368,jonclea,False,292,2017-11-25 23:54:47,"RT @spaceangel1964: Please help this project to collect real stories of the emerging impact of ""UK Brexit"" on businesses.
Add any you know‚Ä¶",,,Twitter Web Client,False,False,0,541,
382,934571084246147072,WhitesidePaula,False,841,2017-11-25 23:54:44,RT @ClareGerada: Please. Leaders. @Number10gov @jeremycorbyn Accept #Brexit is a disaster &amp; work to stop it. History will judge you as bein‚Ä¶,,,Twitter for iPhone,False,False,0,55,
386,934571063601659905,Kilsally,False,5329,2017-11-25 23:54:39,@nickhanna2 @frank_selby @AllyLamont1984 @Independent Our people changed their minds like the UUP who campaigned fo‚Ä¶ https://t.co/shPhs35xU8,nickhanna2,9.345671921752351e+17,Twitter for Android,False,False,0,0,"Co Tyrone, N Ireland, UK"
404,934570988355846146,NatalieHarris,False,1295,2017-11-25 23:54:21,RT @petertimmins3: Why aren't the Press and opposition parties making one holy row about the missing #Brexit impact assessment papers? Who‚Ä¶,,,Twitter for iPhone,False,False,0,506,"Leeds, UK"
417,934570940675035137,JulsJulsblues,False,2371,2017-11-25 23:54:10,"RT @withorpe: These people view Brexit as a means to increase company profits by weakening employment, environmental, food and health and s‚Ä¶",,,Twitter for Android,False,False,0,510,UK
419,934570932877910016,AlexJTudor,False,280,2017-11-25 23:54:08,"RT @spaceangel1964: Please help this project to collect real stories of the emerging impact of ""UK Brexit"" on businesses.
Add any you know‚Ä¶",,,Twitter for iPad,False,False,0,541,newly moved to Kent (2017)
420,934570931632173059,TheMehOffice,False,3592,2017-11-25 23:54:08,RT @StopBrexitMarch: We welcome everyone who regrets voting leave! Time to work together to get UK Gov &amp; MPs to act in the best interests o‚Ä¶,,,Twitter for iPhone,False,False,0,36,
429,934570910215962626,LiveEUDebate,False,24506,2017-11-25 23:54:03,RT @DVATW: I don‚Äôt WANT a deal with this mob. WALK AWAY. https://t.co/JQ898g1K71,,,Live EU Debate,False,False,0,193,UK
434,934570892864184320,tina_tinalondon,False,3808,2017-11-25 23:53:59,RT @Daily_Express: BREXIT FURY: Nigel Farage hits out after leaked papers show transitional Brexit deal CONDITIONAL on accepting NEW EU rul‚Ä¶,,,Twitter for Android,False,False,0,98,"St. Albans, Herts."
437,934570890641199104,beatnik69,False,93,2017-11-25 23:53:58,"RT @rocciabella: If you voted leave but now, in light of the financial data, wished you had voted remain then join us. You are not alone. T‚Ä¶",,,Twitter for Android,False,False,0,35,are you stalking me?
442,934570872890945537,EmcR12,False,391,2017-11-25 23:53:54,"RT @thesymbolic: Arlene Foster doesn‚Äôt speak for Northern Ireland. She isn‚Äôt the first Minister. The people themselves have spoken, and sai‚Ä¶",,,Twitter for Android,False,False,0,558,NI
459,934570827600687104,helen_rumney,False,1447,2017-11-25 23:53:43,"RT @RandallWigle: Post-Brexit, many in the UK think a US-UK trade deal will be a cake walk. I am not so sure. https://t.co/Mi1YzYPv7w",,,Twitter for iPhone,False,False,0,2,The wilds of southern Ontario
474,934570782184869888,DempsterLis,False,194,2017-11-25 23:53:32,"RT @Femi_Sorry: Why am I giving @DanielJHannan a hard time?
Because if you tell people (pre-referendum) that ""Absolutely nobody is talking‚Ä¶",,,Twitter for Android,False,False,0,1262,Scotland
475,934570781513867264,jdjack1,False,162,2017-11-25 23:53:32,RT @carole99897: BREXIT FURY: Leaked papers reveal transitional deal CONDITIONAL on accepting NEW EU rules https://t.co/yKyuiJSca2,,,Twitter for Android,False,False,0,23,
513,934570693588643847,hrothmund_,False,100,2017-11-25 23:53:11,"RT @BrexitBin: Is the UK a broken society?
- Yes.
Did frustration cause many people to vote Brexit?
- Yes.
Will Brexit solve the problems?‚Ä¶",,,Twitter for Android,False,False,0,709,
514,934570686345043968,Margybargy,False,1809,2017-11-25 23:53:09,"RT @withorpe: These people view Brexit as a means to increase company profits by weakening employment, environmental, food and health and s‚Ä¶",,,Twitter for iPhone,False,False,0,510,London UK
527,934570654266949632,UK_EPP,False,1249,2017-11-25 23:53:02,"RT @spaceangel1964: Please help this project to collect real stories of the emerging impact of ""UK Brexit"" on businesses.
Add any you know‚Ä¶",,,Twitter for iPad,False,False,0,541,UK
528,934570644397875200,irishsunnews,False,473,2017-11-25 23:52:59,"Brexit set to impact Irish tourism, travel agents claim  https://t.co/lbHMdRirvT",,,SocialPilot Custom Package,False,False,0,0,"Dublin, Ireland"
531,934570637842173953,harit3,False,125,2017-11-25 23:52:58,‚ÄòI thought I‚Äôd put in a protest vote‚Äô: the people who regret voting leave https://t.co/mvn0lREF7n,,,Hootsuite,False,False,0,0,
532,934570634407022592,chrisk_hw,False,586,2017-11-25 23:52:57,"RT @BrexitBin: Is the UK a broken society?
- Yes.
Did frustration cause many people to vote Brexit?
- Yes.
Will Brexit solve the problems?‚Ä¶",,,Twitter for iPad,False,False,0,709,United Kingdom
547,934570560117407744,Keith4uk,False,20,2017-11-25 23:52:39,BREXIT FURY: Leaked papers reveal transitional deal CONDITIONAL on accepting NEW EU rules https://t.co/wQ1oEANaWq,,,Twitter for iPad,False,False,0,0,"England, United Kingdom"
554,934570544518885376,preshn9,False,260,2017-11-25 23:52:35,"RT @lesbonner: RT @Undercover_mole: ""Irrelevant Brexit Britain"" a phrase we are going to see and hear a lot more of once we leave the EU. B‚Ä¶",,,Twitter for Android,False,False,0,1,
564,934570527016046592,csibike1,False,3026,2017-11-25 23:52:31,"RT @MePeebs: Petition: Parliament's vote on the Brexit deal must include an option to remain in the EU. https://t.co/w7uEdLUkSD
#StopBrexit‚Ä¶",,,Twitter Lite,False,False,0,10,"London as yet GB, Europe"
580,934570472779468800,Midgecat,False,432,2017-11-25 23:52:18,"RT @JeanneBartram: Finally, the reality of Brexit can no longer be avoided https://t.co/E1Q6V7QlFS",,,Twitter Web Client,False,False,0,5,England
590,934570433478737921,Bobduff1,False,278,2017-11-25 23:52:09,RT @LouiseBagshawe: EXCLUSIVE: UK üá¨üáß intelligence sources say #Brexit referendum so flooded with Russian money and bots as not to be ‚Äúfree‚Ä¶,,,Twitter for iPad,False,False,0,241,Australia
609,934570385584148480,neilonanhst,False,833,2017-11-25 23:51:58,RT @guardian: ‚ÄòI thought I‚Äôd put in a protest vote‚Äô: the people who regret voting leave https://t.co/gTPowzMQwD,,,Tweetbot for iŒüS,False,False,0,72,Devon (a mile from Cornwall)
610,934570384917192704,FParsonage,False,496,2017-11-25 23:51:57,RT @ottocrat: This is very good. @IanDunt does do his homework. I wish he were read by the people who need to read him. https://t.co/HtueG8‚Ä¶,,,Twitter for iPhone,False,False,0,397,Colombia / UK
612,934570376465698816,csibike1,False,3026,2017-11-25 23:51:55,"RT @spaceangel1964: Please help this project to collect real stories of the emerging impact of ""UK Brexit"" on businesses.
Add any you know‚Ä¶",,,Twitter Lite,False,False,0,541,"London as yet GB, Europe"
620,934570360674144257,CrypticVet,False,180,2017-11-25 23:51:52,RT @carole99897: BREXIT FURY: Leaked papers reveal transitional deal CONDITIONAL on accepting NEW EU rules https://t.co/yKyuiJSca2,,,Twitter for iPad,False,False,0,23,
634,934570315698593792,pagangill,False,957,2017-11-25 23:51:41,RT @annaturley: These are the people driving Brexit. How is this ‚Äòtaking back control‚Äô? Putin's link to Boris and Gove's Brexit 'coup' reve‚Ä¶,,,Twitter for Android,False,False,0,12,North east England
645,934570255019659264,IamSWaGodKing,False,6964,2017-11-25 23:51:26,@StrongerStabler EU stand was no deal until money was paid. They said they'll never allow us to become ECOC and dis‚Ä¶ https://t.co/tWtLHjD9kX,StrongerStabler,9.344201568807731e+17,Twitter Web Client,False,False,0,0,UK. London
652,934570241052602369,Euqinomist,False,750,2017-11-25 23:51:23,"RT @alexpiletska: This 1990 book may as well have been written in Brexit Britain. Spoiler alert, it did not work out for Britain the first‚Ä¶",,,Twitter for Android,False,False,0,4,Pale Blue Dot
655,934570222593413121,Bushwooder,False,191,2017-11-25 23:51:19,RT @smilinglaura: I think we should tweet @DavidDavisMP EVERY DAY asking about the 58 Brexit impact studies to be released until he respond‚Ä¶,,,Twitter for iPhone,True,False,0,247,"London, UK/La Haie, France"
670,934570173859852288,lilaccruiser,False,34,2017-11-25 23:51:07,"@jjcwow @iThinkSergio @DanielJHannan @StephenPLundy That's cool.  But I don't think leave does mean leave, in reali‚Ä¶ https://t.co/4hnYhxQplt",jjcwow,9.34568904877314e+17,Twitter for iPad,False,False,0,0,London
672,934570172786118656,t_viljanen,False,1286,2017-11-25 23:51:07,"RT @BrexitBin: Is the UK a broken society?
- Yes.
Did frustration cause many people to vote Brexit?
- Yes.
Will Brexit solve the problems?‚Ä¶",,,Twitter for iPhone,False,False,0,709,Suomi 
677,934570163906727936,Jennifer196060,False,374,2017-11-25 23:51:05,RT @annaturley: These are the people driving Brexit. How is this ‚Äòtaking back control‚Äô? Putin's link to Boris and Gove's Brexit 'coup' reve‚Ä¶,,,Twitter for iPhone,False,False,0,12,London
693,934570127634391040,AndyMinCycling,False,2155,2017-11-25 23:50:56,@JamesMelville From the start the lies told about Brexit were an eye opener to how low the leave campaign would sink.,JamesMelville,9.343306879933276e+17,Twitter for Android,False,False,3,0,"Lockerbie, Scotland"
703,934570111326932993,jlj21964,False,6983,2017-11-25 23:50:52,BREXIT FURY: Leaked papers reveal transitional deal CONDITIONAL on accepting NEW EU rules https://t.co/frBRVHNpt7,,,Twitter Web Client,False,False,0,2,s wales Bridgend
705,934570109741486081,DaveyCCC,False,379,2017-11-25 23:50:52,The people saying they couldn't be influenced by Russian interference in the #brexit referendum are the same people‚Ä¶ https://t.co/tDZ3py7h26,,,Twitter Web Client,False,False,0,0,"Teignmouth, England"
718,934570065927733248,delnet1,False,98,2017-11-25 23:50:41,@carole99897 @DorothyHesp @MailOnline Is she working for the British people or is she working for Europe I don't th‚Ä¶ https://t.co/Gv1BWElqgw,carole99897,9.344425593168773e+17,Twitter for Android,False,False,1,0,kent
723,934570043786121216,Stephen_Gash,False,3354,2017-11-25 23:50:36,"@AMike4761 Yep. European people stood and looked aghast at the arrogant, intransigent Eurocratic response to Brexit‚Ä¶ https://t.co/OWhVxY7ksB",AMike4761,9.344085945854648e+17,Twitter Web Client,False,False,0,0,Carlisle
732,934570019534536707,pledgeforeurope,False,2246,2017-11-25 23:50:30,"The people we need to get campaigning alongside us, telling their story #BrexitCanBeBeaten https://t.co/0ErkMUMyo8",,,OS X,False,False,4,2,"London, England"
743,934569991520833536,ToniLuialei,False,919,2017-11-25 23:50:24,RT @smilinglaura: I think we should tweet @DavidDavisMP EVERY DAY asking about the 58 Brexit impact studies to be released until he respond‚Ä¶,,,Twitter for iPad,True,False,0,247,
758,934569957366665222,SponPlague,False,200,2017-11-25 23:50:15,RT @grahambsi: Just how many billions of our money will this government waste before people come to their senses and reject Brexit?,,,Twitter Web Client,False,False,0,123,United Kingdom
769,934569929818468352,sianbennett12,False,762,2017-11-25 23:50:09,RT @DVATW: I don‚Äôt WANT a deal with this mob. WALK AWAY. https://t.co/JQ898g1K71,,,Twitter for Android,False,False,0,193,  England
776,934569906988896257,SusanChadwick1,False,504,2017-11-25 23:50:03,RT @Daily_Express: BREXIT FURY: Nigel Farage hits out after leaked papers show transitional Brexit deal CONDITIONAL on accepting NEW EU rul‚Ä¶,,,Twitter for iPad,False,False,0,98,manchester
786,934569890568163328,jennywoolf,False,994,2017-11-25 23:50:00,"RT @spaceangel1964: Please help this project to collect real stories of the emerging impact of ""UK Brexit"" on businesses.
Add any you know‚Ä¶",,,Twitter Lite,False,False,0,541,"London, England (usually)"
799,934569850399264773,carolineludlow,False,45,2017-11-25 23:49:50,RT @annaturley: These are the people driving Brexit. How is this ‚Äòtaking back control‚Äô? Putin's link to Boris and Gove's Brexit 'coup' reve‚Ä¶,,,Twitter for iPad,False,False,0,12,
809,934569831139106816,LabourMustWin,False,1582,2017-11-25 23:49:45,RT @Harryslaststand: The simple truth is if you handled your responsibilities at work with the same arrogant incompetence as Theresa May ha‚Ä¶,,,Twitter Web Client,False,False,0,405,"Kent, UK"
821,934569798188625921,harrold_lucy,False,323,2017-11-25 23:49:38,RT @IslingtonIn: Chaps in @DExEUgov working late trying to rewrite 58 Brexit impact reports by Tuesday deadline?,,,Twitter Lite,False,False,0,1,London United Kingdom
824,934569795638439937,BJ_Gardener,False,1955,2017-11-25 23:49:37,"RT @BrexitBin: Is the UK a broken society?
- Yes.
Did frustration cause many people to vote Brexit?
- Yes.
Will Brexit solve the problems?‚Ä¶",,,Twitter for iPhone,False,False,0,709,
830,934569772574003200,Symonsez13,False,1658,2017-11-25 23:49:31,RT @guardian: ‚ÄòI thought I‚Äôd put in a protest vote‚Äô: the people who regret voting leave https://t.co/gTPowzMQwD,,,Twitter for Android,False,False,0,72,
842,934569740403662850,onlyconnect71,False,93,2017-11-25 23:49:24,"RT @AdamFowlerITV: ‚ÄúLabour are in bed with the Tories over Brexit, and I think a lot of people who voted for Corbyn didn‚Äôt realise that.‚Äù -‚Ä¶",,,Twitter for iPad,False,False,0,174,Yorkshire
847,934569734795907072,CurlyClareToo,False,1763,2017-11-25 23:49:22,"RT @withorpe: These people view Brexit as a means to increase company profits by weakening employment, environmental, food and health and s‚Ä¶",,,Twitter for iPad,False,False,0,510,"Faversham, UK"
860,934569679426932736,LeavingPlanet,False,1073,2017-11-25 23:49:09,"@Tony_Dalton4 @grumpy2jamie @Tontkowalski @smilinglaura Are all the old people leaving too?

Transferable job skill‚Ä¶ https://t.co/AFj6y3PL0Z",Tony_Dalton4,9.345573414035702e+17,Twitter Lite,False,False,1,1,"East Midlands, England"
868,934569664725872641,LaughingSmurf,False,469,2017-11-25 23:49:06,RT @Harryslaststand: The simple truth is if you handled your responsibilities at work with the same arrogant incompetence as Theresa May ha‚Ä¶,,,Twitter for Android,False,False,0,405,Smurf Village
874,934569660057612288,bobbysmiff,False,1573,2017-11-25 23:49:05,RT @nickreeves9876: Brexiters claim people knew what they were voting for when they voted #Leave. This poll from just after the referendum‚Ä¶,,,Twitter Web Client,False,False,0,73,"West London , England"
876,934569654852440064,HouseofTwitsLab,False,2215,2017-11-25 23:49:03,RT @annaturley: These are the people driving Brexit. How is this ‚Äòtaking back control‚Äô? Putin's link to Boris and Gove's Brexit 'coup' reve‚Ä¶,,,RoundTeam,False,False,0,12,"Speakers Chair, House of Twits"
881,934569646354784257,kilgoresprat,False,237,2017-11-25 23:49:01,@clean_brexit @DominicRaab Loads of leave voters expected to stay in the Single Market. I had conversations with ma‚Ä¶ https://t.co/5wWAgSLQ8J,clean_brexit,9.345362033445356e+17,Twitter for iPad,False,False,4,1,
882,934569643213312000,Oldbutthappy1,False,110,2017-11-25 23:49:01,"RT @RedHotSquirrel: The stench of betrayal...  Leaked papers reveal transitional deal conditional on accepting new EU rules.

https://t.co/‚Ä¶",,,Twitter for Android,False,False,0,395,
886,934569632043847680,MarcusAgrippa4,False,2260,2017-11-25 23:48:58,"@pr0udwhite Just a suggestion - English subtitles would be a nice idea, for people outside of Germany to understand‚Ä¶ https://t.co/ElMiYdAoZw",pr0udwhite,9.34564918929576e+17,TweetDeck,False,False,1,0,
899,934569598011224064,IDrinkLeadPaint,False,918,2017-11-25 23:48:50,RT @guardianweekend: ‚ÄòI thought I‚Äôd put in a protest vote‚Äô: the people who regret voting leave @Dorianlynskey  https://t.co/wi4yPDTQMu,,,Twitter for Android,False,False,0,171,Cambridge UK
907,934569574791557121,britview,False,3489,2017-11-25 23:48:44,RT @DVATW: I don‚Äôt WANT a deal with this mob. WALK AWAY. https://t.co/JQ898g1K71,,,Twitter Web Client,False,False,0,193,UK
912,934569555501961216,tobyh45,False,278,2017-11-25 23:48:40,"RT @VladimirFarage: European banks slash UK-related assets by ‚Ç¨350bn after Brexit vote, to put this in to context, it's more money than the‚Ä¶",,,Twitter for iPad,False,False,0,63,Bristol
926,934569510136418304,JohnPat09336959,False,20,2017-11-25 23:48:29,‚ÄòHard‚Äô Brexiteers taking a reality check in Irish political cockpit.  @BorisJohnson on record supporting a soft bor‚Ä¶ https://t.co/36Hhif0y6w,,,Twitter for iPhone,False,False,0,0,"London, England"
929,934569495548645377,bobbysmiff,False,1573,2017-11-25 23:48:25,"RT @TheNewEuropean: Only 11% of the public believe the UK should leave the European Union without a deal, according to a new survey.  https‚Ä¶",,,Twitter Web Client,False,False,0,409,"West London , England"
931,934569490897096706,eurightswatch,False,79,2017-11-25 23:48:24,RT @_itslucyk: I really wish people would stop saying hard brexit or soft brexit it's a political term not a boiled egg,,,eurightswatch,False,False,0,2,
942,934569438850048000,bobbysmiff,False,1573,2017-11-25 23:48:12,RT @Undercover_mole: The 7th YouGov poll that has give Remain a lead and shows that people are regretting the decision to leave the EU. It'‚Ä¶,,,Twitter Web Client,False,False,0,200,"West London , England"
943,934569429115031552,kevinandmclean,False,355,2017-11-25 23:48:10,‚ÄòI thought I‚Äôd put in a protest vote‚Äô: the people who regret voting leave https://t.co/OEVA7uyQni,,,Twitter for iPhone,False,False,0,0,"N16, London, UK"
947,934569403408101381,LiveEUDebate,False,24506,2017-11-25 23:48:03,RT @KitOfNowhere: I think that @EmilyThornberry needs to understand that #Brexit is no longer the will of the people and maybe check @carol‚Ä¶,,,Live EU Debate,True,False,0,1,UK
948,934569401227055104,unicornalpha69,False,1768,2017-11-25 23:48:03,"RT @spaceangel1964: Please help this project to collect real stories of the emerging impact of ""UK Brexit"" on businesses.
Add any you know‚Ä¶",,,Twitter for Android,False,False,0,541,London UK
972,934569323519242240,inmarshall100,False,2,2017-11-25 23:47:44,@BBCNews Why do you have people giving opinions stating information regarding Brexit Russia without any tangible Fa‚Ä¶ https://t.co/DlikdTS3Cj,BBCNews,,Twitter Web Client,False,False,0,0,europe
977,934569298907066368,JohnWebbWindsor,False,363,2017-11-25 23:47:38,"RT @hendonmaddog: @mitchmusic @DVATW @MaggieMac42 @GOVUK Further proof, if needed. The British people should NOT trust @GOVUK ! - We were l‚Ä¶",,,Twitter for Android,False,False,0,12,"Windsor, South East"
994,934569254963335168,zimbasplace,False,787,2017-11-25 23:47:28,RT @BarryGardiner: Actually I think I just pointed out that the cost of a no deal Brexit would add ¬£260 to household bills and lose ¬£50bill‚Ä¶,,,Twitter for iPad,True,False,0,209,
1028,934569151888265217,SirGeoffJohnson,False,455,2017-11-25 23:47:03,Petition: Parliament's vote on the Brexit deal must include an option to remain in the EU. https://t.co/CnepgtfNsa,,,Twitter for Android,False,False,0,0,"Leeds, UK"
1041,934569105251819520,PlumptonGary,False,413,2017-11-25 23:46:52,"RT @MePeebs: Petition: Parliament's vote on the Brexit deal must include an option to remain in the EU. https://t.co/w7uEdLUkSD
#StopBrexit‚Ä¶",,,Twitter for iPhone,False,False,0,10,
1050,934569092060721152,back_fights,False,1112,2017-11-25 23:46:49,"RT @spaceangel1964: Please help this project to collect real stories of the emerging impact of ""UK Brexit"" on businesses.
Add any you know‚Ä¶",,,Twitter for Android,False,False,0,541,
1059,934569074692120576,MePeebs,False,1098,2017-11-25 23:46:45,Petition: Parliament's vote on the Brexit deal must include an option to remain in the EU. https://t.co/w7uEdLUkSD‚Ä¶ https://t.co/q2DoPcN8mh,,,Twitter for Android,False,False,5,10,"Liverpool, England"
1061,934569071676358658,leeburgess1,False,296,2017-11-25 23:46:44,RT @_Chris_Mendes: I manned my own street stall for 8 months handing out leaflets and explaining the merits of #Brexit to as many people as‚Ä¶,,,Twitter for iPhone,True,False,0,14,sittingbourne
1064,934569060121174016,labour_zone,False,3878,2017-11-25 23:46:42,RT @annaturley: These are the people driving Brexit. How is this ‚Äòtaking back control‚Äô? Putin's link to Boris and Gove's Brexit 'coup' reve‚Ä¶,,,Labour RSS Feed,False,False,0,12,
1065,934569058393116673,annaturley,True,15756,2017-11-25 23:46:41,These are the people driving Brexit. How is this ‚Äòtaking back control‚Äô? Putin's link to Boris and Gove's Brexit 'co‚Ä¶ https://t.co/HW6vcqm9VT,,,Twitter Web Client,False,False,6,12,"Redcar/Westminster, England"
1120,934568900129255424,Brexit4U,False,381,2017-11-25 23:46:03,#Brexit EU chief says Brexit deal 'possible but huge challenge' https://t.co/9IkibZXNvv #VoteLeave,,,dlvr.it,False,False,0,0,United Kingdom
1129,934568879711547392,RMacRay2,False,146,2017-11-25 23:45:59,"RT @NeilMackay: Kezia in the jungle, Ruth on the Bake Off ... What's that Nicola Sturgeon doing? Oh - just saving 1400 jobs at BiFab, tryin‚Ä¶",,,Twitter for Android,False,False,0,1122,
1136,934568846165401600,GypsySpirit46,False,2711,2017-11-25 23:45:51,"RT @thesymbolic: Arlene Foster doesn‚Äôt speak for Northern Ireland. She isn‚Äôt the first Minister. The people themselves have spoken, and sai‚Ä¶",,,Twitter Web Client,False,False,0,558,"Toronto, ON Canada üçÅ"
1150,934568818223058944,GillardPeter,False,901,2017-11-25 23:45:44,RT @DavidLammy: Just a reminder that this was 17 days ago. 3 week deadline for publication of Brexit impact studies is next Tuesday. https:‚Ä¶,,,Twitter for Android,False,False,0,1079,
1155,934568802356006913,SachiKnight,False,2592,2017-11-25 23:45:40,RT @JolyonMaugham: What we do know is that they want to keep it a secret. And so they gave the money to some shady pro Brexit group called‚Ä¶,,,Twitter Web Client,False,False,0,94,"Shropshire, UK"
1162,934568787671732227,johnspicer3,False,351,2017-11-25 23:45:37,RT @ClareGerada: Please. Leaders. @Number10gov @jeremycorbyn Accept #Brexit is a disaster &amp; work to stop it. History will judge you as bein‚Ä¶,,,Twitter for iPad,False,False,0,55,
1209,934568683925581824,Bubbly_Batters,False,222,2017-11-25 23:45:12,‚ÄòI thought I‚Äôd put in a protest vote‚Äô: the people who regret voting leave https://t.co/W01DYLT2aF,,,Twitter Web Client,False,False,0,0,
1226,934568642070671361,LondonSwenglish,False,2134,2017-11-25 23:45:02,‚ÄòI thought I‚Äôd put in a protest vote‚Äô: the people who regret voting leave https://t.co/Dl0SUUmSEB,,,Twitter for iPhone,False,False,0,0,London
1228,934568634579636224,blacklinesw9,False,343,2017-11-25 23:45:00,"RT @spaceangel1964: Please help this project to collect real stories of the emerging impact of ""UK Brexit"" on businesses.
Add any you know‚Ä¶",,,Twitter for iPad,False,False,0,541,Torquay and Brixton (London)
1231,934568625926795266,HopeBeatsHate,False,227,2017-11-25 23:44:58,"@Clutter2 @londonmandy1 It won't much impact Brexit voters.

Go to Pontefract 20% unemployment and huge Brexit supp‚Ä¶ https://t.co/2BlxTuRR0X",Clutter2,9.344951172636795e+17,Twitter Lite,False,False,0,0,
1233,934568621958934528,Rupertevans6,False,45,2017-11-25 23:44:57,RT @Samfr: The best Brexit scenario now is that we spend phenomenal amounts of energy and money to get to slightly worse arrangements than‚Ä¶,,,Twitter for Android,False,False,0,375,
1258,934568559644200960,FibonacciNature,False,11503,2017-11-25 23:44:42,RT @BrexitFutureUK: BREXIT FURY: Leaked papers reveal transitional deal CONDITIONAL on accepting NEW EU rules https://t.co/6Ol3ui40FF,,,Twitter for Android,False,False,0,16,Europe
1261,934568552140562433,JaneDesmarais,False,196,2017-11-25 23:44:40,"RT @DPhinnemore: ""By embracing a special Brexit deal for Northern Ireland, retaining the best aspects of EU membership and UK membership, t‚Ä¶",,,Twitter for iPhone,False,False,0,18,United Kingdom
1263,934568542518816771,Debbelina_,False,40854,2017-11-25 23:44:38,RT @DavidLammy: Just a reminder that this was 17 days ago. 3 week deadline for publication of Brexit impact studies is next Tuesday. https:‚Ä¶,,,Twitter for iPad,False,False,0,1079,"The Moon, third rock from left"
1275,934568510512037888,newsofemiratess,False,103,2017-11-25 23:44:31,May urges EU to ‚Äòstep forward‚Äô with UK for Brexit deal https://t.co/LBcS4zinY4,,,WordPress.com,False,False,0,0,United Arab Emirates
1277,934568506699509763,ph210147,False,228,2017-11-25 23:44:30,RT @Undercover_mole: The Brexit fantasists lie that just won't go away. Democracy based on lies is electoral fraud.  We the people DEMAND a‚Ä¶,,,Twitter for iPhone,False,False,0,102,
1280,934568493093179394,ShyRobin1,False,758,2017-11-25 23:44:26,Arlene Foster says the people of NI don't want to be in Customs Union. When was this referendum? She never asked me‚Ä¶ https://t.co/sXtnK2tOn0,,,Twitter Web Client,False,False,1,0,
1288,934568460075589633,turks22,False,2798,2017-11-25 23:44:18,RT @JolyonMaugham: What we do know is that they want to keep it a secret. And so they gave the money to some shady pro Brexit group called‚Ä¶,,,Twitter for iPad,False,False,0,94,Lake District
1312,934568386532700161,StopBrexitBen,False,585,2017-11-25 23:44:01,"RT @AgentAvalon: @carolecadwalla So we have leave EU &amp; vote leave under investigation, apparent Russian interference in the Brexit campaign‚Ä¶",,,Twitter for iPhone,False,False,0,18,United Kingdom
1324,934568363874910209,jmescoda,False,4946,2017-11-25 23:43:56,BREXIT FURY: Leaked papers reveal transitional deal CONDITIONAL on accepting NEW EU rules - https://t.co/4wONwgNSYj,,,Post with Klout,False,False,0,0,S√≥c a la Milky Way
1328,934568358674161670,McDowellBt,False,645,2017-11-25 23:43:54,RT @mk4all123: @DonovanTim @BenPBradshaw @jeremycorbyn @UKLabour Not sure about that. I still see a lot of people who still support #Brexit‚Ä¶,,,Twitter for iPad,False,False,0,1,England
1339,934568312381591552,_itslucyk,False,277,2017-11-25 23:43:43,I really wish people would stop saying hard brexit or soft brexit it's a political term not a boiled egg,,,Twitter for iPhone,False,False,13,2,Newcastle/Sheffield
1348,934568277749174272,bobbysmiff,False,1573,2017-11-25 23:43:35,"RT @BrexitBin: Is the UK a broken society?
- Yes.
Did frustration cause many people to vote Brexit?
- Yes.
Will Brexit solve the problems?‚Ä¶",,,Twitter Web Client,False,False,0,709,"West London , England"
1365,934568225387569152,Chantepoule,False,2059,2017-11-25 23:43:23,The Irish Government is vying to win further finance jobs as London-based operations seek a foothold in EU after Br‚Ä¶ https://t.co/q2xBty0d1O,,,Twitter Web Client,False,False,0,0,Perigueux
1367,934568222069854208,Jayoberoi2,False,504,2017-11-25 23:43:22,RT @Daniel_Cousins: A jobs first Brexit is no Brexit at all. There is little alternative. https://t.co/i56Ur6ADkg,,,Twitter for iPhone,True,False,0,1,"Winscombe, England"
1377,934568204537597954,BradleyGJ,False,1332,2017-11-25 23:43:18,"Facts for the people as attached here, not letters unrepresentative of the people.

Northern Ireland is against BRE‚Ä¶ https://t.co/bL5ARjyOmV",,,Twitter for iPhone,True,False,10,11,Planet Earth via west Belfast
1389,934568173524922370,lord_haw,False,342,2017-11-25 23:43:10,RT @DVATW: I don‚Äôt WANT a deal with this mob. WALK AWAY. https://t.co/JQ898g1K71,,,Twitter for iPhone,False,False,0,193,
1417,934568094642704385,Alba40,False,360,2017-11-25 23:42:51,RT @NickStevenson63: @BrexitBin @ORourkeGerry This is just the tip of the iceberg as far as UK based motorsport is concerned. 50k jobs in F‚Ä¶,,,Twitter for Android,False,False,0,43,spain 
1419,934568092272857088,Bob261048,False,959,2017-11-25 23:42:51,"RT @RedHotSquirrel: The stench of betrayal...  Leaked papers reveal transitional deal conditional on accepting new EU rules.

https://t.co/‚Ä¶",,,Twitter for Android,False,False,0,395,
1420,934568091782209536,upsadaisy3,False,1200,2017-11-25 23:42:51,RT @Harryslaststand: The simple truth is if you handled your responsibilities at work with the same arrogant incompetence as Theresa May ha‚Ä¶,,,Twitter for Android,False,False,0,405,
1424,934568087889817606,BJ_Gardener,False,1955,2017-11-25 23:42:50,RT @JCHannah77: It is a huge fallacy that the anti-Brexit movement needs a leader. All movements work best when they are led by shared purp‚Ä¶,,,Twitter for iPhone,False,False,0,1,
1435,934568060538753029,gawdyhall,False,464,2017-11-25 23:42:43,RT @BarryGardiner: Actually I think I just pointed out that the cost of a no deal Brexit would add ¬£260 to household bills and lose ¬£50bill‚Ä¶,,,Twitter for iPhone,True,False,0,209,
1437,934568055950233600,KitOfNowhere,False,598,2017-11-25 23:42:42,I think that @EmilyThornberry needs to understand that #Brexit is no longer the will of the people and maybe check‚Ä¶ https://t.co/kfuuvMtCbp,,,Twitter Web Client,True,False,0,1,"London, England"
1452,934568002078564353,RCgothic,False,275,2017-11-25 23:42:29,"RT @BrexitBin: Is the UK a broken society?
- Yes.
Did frustration cause many people to vote Brexit?
- Yes.
Will Brexit solve the problems?‚Ä¶",,,Twitter Web Client,False,False,0,709,UK
1453,934567997225750528,kimmi31s,False,432,2017-11-25 23:42:28,RT @carole99897: BREXIT FURY: Leaked papers reveal transitional deal CONDITIONAL on accepting NEW EU rules https://t.co/yKyuiJSca2,,,Twitter for Android,False,False,0,23,Bedfordshire
1460,934567975964770304,_spdavis,False,504,2017-11-25 23:42:23,"@Telegraph Yeah right... Putin had 17.4m people vote for Brexit, just to weaken Europe for war. 

The guys an utter‚Ä¶ https://t.co/V9u1NPrt30",Telegraph,9.341043492902298e+17,Twitter for Android,False,False,1,0,
1463,934567975205687302,BeaumontBee,False,1953,2017-11-25 23:42:23,"RT @alexpiletska: This 1990 book may as well have been written in Brexit Britain. Spoiler alert, it did not work out for Britain the first‚Ä¶",,,Twitter Web Client,False,False,0,4,London & Cambridge
1464,934567974295531522,madeleynotohs2,False,302,2017-11-25 23:42:23,RT @NicholasBatty: High Speed 2 will cost at least ¬£100bn &amp; is destroying jobs and businesses all along the route. Cancel #HS2 and that‚Äôs t‚Ä¶,,,Twitter for Android,False,False,0,15,United Kingdom
1485,934567891210563584,LiveEUDebate,False,24506,2017-11-25 23:42:03,RT @_Chris_Mendes: I manned my own street stall for 8 months handing out leaflets and explaining the merits of #Brexit to as many people as‚Ä¶,,,Live EU Debate,True,False,0,14,UK
1492,934567874387234817,shandydann,False,330,2017-11-25 23:41:59,"RT @spaceangel1964: Please help this project to collect real stories of the emerging impact of ""UK Brexit"" on businesses.
Add any you know‚Ä¶",,,Twitter for Android,False,False,0,541,
1495,934567866824843265,Hilsthepoet,False,90,2017-11-25 23:41:57,"RT @BrexitBin: Is the UK a broken society?
- Yes.
Did frustration cause many people to vote Brexit?
- Yes.
Will Brexit solve the problems?‚Ä¶",,,Twitter Web Client,False,False,0,709,"Wales, United Kingdom"
1500,934567856938905601,CaledoniaLad,False,868,2017-11-25 23:41:55,RT @linuspoint: Says the Bigots who accepted bribe money ¬£1.5bn tax payers money to prop up English Tory -  Brexit will bring about a Unite‚Ä¶,,,Twitter Lite,True,False,0,17,Scotland
1514,934567788626300928,real_sometimes,False,55,2017-11-25 23:41:38,@marcuschown We get to add even more money to our debt and get pissed off at the government for underfunding public‚Ä¶ https://t.co/FewtMmvFjH,marcuschown,9.343782928488776e+17,Twitter for Android,False,False,0,0,Somewhere out there
1519,934567782162862080,dtmcclelland,False,115,2017-11-25 23:41:37,"RT @thesymbolic: Arlene Foster doesn‚Äôt speak for Northern Ireland. She isn‚Äôt the first Minister. The people themselves have spoken, and sai‚Ä¶",,,Twitter for iPhone,False,False,0,558,Northern Ireland
1520,934567775611359232,John_Idol,False,579,2017-11-25 23:41:35,RT @guardianweekend: ‚ÄòI thought I‚Äôd put in a protest vote‚Äô: the people who regret voting leave @Dorianlynskey  https://t.co/wi4yPDTQMu,,,Twitter for Android,False,False,0,171,"Oxford, UK"
1536,934567724495396866,LFVCL,True,2261,2017-11-25 23:41:23,"Finally, the reality of Brexit can no longer be avoided https://t.co/SOAMRtexmL",,,Twitter Web Client,False,False,0,0,"Rio de Janeiro, Brazil"
1573,934567623106400257,lepict,False,822,2017-11-25 23:40:59,RT @MrJohnNicolson: The people who regret voting for #BrexitChaos https://t.co/YowddvO3mX,,,Twitter for Android,False,False,0,38,"Scotland, United Kingdom"
1587,934567578630049792,ISINGSUGER2016,False,869,2017-11-25 23:40:48,RT @carole99897: BREXIT FURY: Leaked papers reveal transitional deal CONDITIONAL on accepting NEW EU rules https://t.co/yKyuiJSca2,,,Twitter for Android,False,False,0,23,
1591,934567569784213505,RealityUK_2016,False,1729,2017-11-25 23:40:46,"RT @FinalSayForAll: Most of the people directly impacted by brexit didnt get a say on their own futures, that is not democratic. We are com‚Ä¶",,,Twitter Web Client,False,False,0,138,London
1593,934567566281932800,Harp3rBoy,False,861,2017-11-25 23:40:45,"RT @AdamFowlerITV: ‚ÄúLabour are in bed with the Tories over Brexit, and I think a lot of people who voted for Corbyn didn‚Äôt realise that.‚Äù -‚Ä¶",,,Twitter for Android,False,False,0,174,Rosie üíó
1604,934567544450666496,lekispekis,False,27,2017-11-25 23:40:40,RT @Samfr: The best Brexit scenario now is that we spend phenomenal amounts of energy and money to get to slightly worse arrangements than‚Ä¶,,,Twitter for iPad,False,False,0,375,
1605,934567543766843392,screaminkid,False,1632,2017-11-25 23:40:40,RT @BarryGardiner: Actually I think I just pointed out that the cost of a no deal Brexit would add ¬£260 to household bills and lose ¬£50bill‚Ä¶,,,Twitter for Android,True,False,0,209,
1613,934567531611934720,davstir,False,211,2017-11-25 23:40:37,RT @libdemEdRhymist: Dear @DavidDavisMP You must publish the Brexit impact studies immediately as required by Parliament! Thank you.,,,Twitter for Windows,False,False,0,56,"Surrey, UK"
1636,934567463076982784,alexpiletska,False,3646,2017-11-25 23:40:21,"This 1990 book may as well have been written in Brexit Britain. Spoiler alert, it did not work out for Britain the‚Ä¶ https://t.co/dnCBqhYLIg",,,Twitter for iPhone,False,False,7,4,United Kingdom
1660,934567376955301888,curiocat13,False,352,2017-11-25 23:40:00,"RT @BremainInSpain: Excellent article by @Otto_English on suppressed public shame.
A very basic principle of human psychology: few people a‚Ä¶",,,Twitter for iPad,False,False,0,119,
1673,934567345569267714,Marty62R,False,588,2017-11-25 23:39:53,RT @ClareGerada: Please. Leaders. @Number10gov @jeremycorbyn Accept #Brexit is a disaster &amp; work to stop it. History will judge you as bein‚Ä¶,,,Twitter Web Client,False,False,0,55,"England, United Kingdom"
1679,934567321833701377,Educated_Change,False,2952,2017-11-25 23:39:47,"Finally, the reality of Brexit can no longer be avoided https://t.co/KXLPRuC8Lp",,,Twitter for Android,False,False,0,0,London and Hove
1680,934567321221386241,SusanChadwick1,False,504,2017-11-25 23:39:47,"RT @RedHotSquirrel: The stench of betrayal...  Leaked papers reveal transitional deal conditional on accepting new EU rules.

https://t.co/‚Ä¶",,,Twitter for iPad,False,False,0,395,manchester
1694,934567284022153216,sinsel_shelba,False,2839,2017-11-25 23:39:38,RT @carole99897: BREXIT FURY: Leaked papers reveal transitional deal CONDITIONAL on accepting NEW EU rules https://t.co/yKyuiJSca2,,,Twitter for Android,False,False,0,23,"Clarksville, TN"
1697,934567273418895361,onlyconnect71,False,93,2017-11-25 23:39:36,"RT @BrexitBin: Is the UK a broken society?
- Yes.
Did frustration cause many people to vote Brexit?
- Yes.
Will Brexit solve the problems?‚Ä¶",,,Twitter for iPad,False,False,0,709,Yorkshire
1699,934567270382227456,WadsworthRachel,False,365,2017-11-25 23:39:35,RT @champagne_lefty: What all people who voted Remain should understand is that   #Brexit was proof that we have underfunded education for‚Ä¶,,,Twitter for iPhone,False,False,0,172,
1702,934567264262807554,ShyRobin1,False,758,2017-11-25 23:39:33,"RT @thesymbolic: Arlene Foster doesn‚Äôt speak for Northern Ireland. She isn‚Äôt the first Minister. The people themselves have spoken, and sai‚Ä¶",,,Twitter Lite,False,False,0,558,
1709,934567246822768640,662Maz,False,13011,2017-11-25 23:39:29,"RT @cheisback: @662Maz It took just 13 people in Cuba never forget the power of the people 
Its started already it started with 
Brexit
Tru‚Ä¶",,,Twitter Web Client,False,False,0,1,
1717,934567217945104385,davstir,False,211,2017-11-25 23:39:22,RT @Kabir_LDN: @elliot_james91 @marcuschown Brexit has created a whole new group of young people who are now becoming politically active. H‚Ä¶,,,Twitter for Windows,False,False,0,4,"Surrey, UK"
1735,934567184352890881,dolly_ste,False,993,2017-11-25 23:39:14,RT @DVATW: I don‚Äôt WANT a deal with this mob. WALK AWAY. https://t.co/JQ898g1K71,,,Twitter for iPhone,False,False,0,193,"Manchester, England"
1737,934567165122023424,HughJaeger,False,2582,2017-11-25 23:39:10,RT @guardianweekend: ‚ÄòI thought I‚Äôd put in a protest vote‚Äô: the people who regret voting leave @Dorianlynskey  https://t.co/wi4yPDTQMu,,,Twitter Web Client,False,False,0,171,Oxford
1753,934567106070401024,Artemitzi,False,1081,2017-11-25 23:38:56,"RT @AgentAvalon: @carolecadwalla So we have leave EU &amp; vote leave under investigation, apparent Russian interference in the Brexit campaign‚Ä¶",,,Twitter Web Client,False,False,0,18,UK
1759,934567097933484038,MarcusAgrippa4,False,2260,2017-11-25 23:38:54,"The #EU subsidies, the money from Brussels ‚Ç¨‚Ç¨‚Ç¨‚Ç¨‚Ç¨‚Ç¨‚Ç¨‚Ç¨‚Ç¨‚Ç¨‚Ç¨, propping up the Irish economy? Is that what you are trying‚Ä¶ https://t.co/ePyqTmt9uS",,,TweetDeck,True,False,0,0,
1768,934567063552655360,Pcf4,False,170,2017-11-25 23:38:46,@montie If Brexit is gonna lead us into the promised land why are Brexiteers so frightened of people scrutinising i‚Ä¶ https://t.co/qbbVZygsI8,montie,9.34379018413015e+17,Twitter for iPhone,False,False,0,0,here!!!
1774,934567055084457991,Maxxiimmu,False,83,2017-11-25 23:38:44,"RT @bulshdetector: Was the whole brexit blue print written in the HQs of foreign media tycoons? If so, the British people have been had on‚Ä¶",,,Twitter for Android,False,False,0,9,
1782,934567019638345728,PaulMer45790900,False,680,2017-11-25 23:38:35,RT @carole99897: BREXIT FURY: Leaked papers reveal transitional deal CONDITIONAL on accepting NEW EU rules https://t.co/yKyuiJSca2,,,Twitter for Android,False,False,0,23,"Wales, United Kingdom"
1809,934566958602866688,s9tmt,False,4307,2017-11-25 23:38:21,RT @ClareGerada: Please. Leaders. @Number10gov @jeremycorbyn Accept #Brexit is a disaster &amp; work to stop it. History will judge you as bein‚Ä¶,,,Twitter for iPad,False,False,0,55,manchester
1820,934566935479627778,patriciatibbels,False,59,2017-11-25 23:38:15,"RT @spaceangel1964: Please help this project to collect real stories of the emerging impact of ""UK Brexit"" on businesses.
Add any you know‚Ä¶",,,Twitter for iPhone,False,False,0,541,Luxembourg
1821,934566929888567296,ashman06,False,1078,2017-11-25 23:38:14,‚ÄòI thought I‚Äôd put in a protest vote‚Äô: the people who regret voting leave | Politics | The Guardian https://t.co/7Iim4PPEXh #SmartNews,,,SmartNews | „Çπ„Éû„Éº„Éà„Éã„É•„Éº„Çπ,False,False,0,0,UK 
1861,934566798904758273,JaneEJuanita,False,789,2017-11-25 23:37:42,@Scientists4EU @JavlaStu Nice work #Brexit üò°,Scientists4EU,9.345505999742484e+17,Twitter for iPhone,False,False,1,0,"England, United Kingdom"
1868,934566756659744768,darbyjgallagher,False,419,2017-11-25 23:37:32,‚ÄòI thought I‚Äôd put in a protest vote‚Äô: the people who regret voting leave https://t.co/kbBrtrwSB6,,,Twitter Web Client,False,False,0,0,London
1882,934566716004356096,SponPlague,False,200,2017-11-25 23:37:23,RT @smilinglaura: I think we should tweet @DavidDavisMP EVERY DAY asking about the 58 Brexit impact studies to be released until he respond‚Ä¶,,,Twitter Web Client,True,False,0,247,United Kingdom
1888,934566703241064448,Sheppard250,False,1170,2017-11-25 23:37:20,@SJ_Powell @MichaelH14 @benjaminbaccas @ll_ralph Not exacting #ProjectFear no more cause Brexit reality is beginnin‚Ä¶ https://t.co/hr7U4Y7blh,SJ_Powell,9.345658449102111e+17,Twitter Web Client,False,False,2,0,
1891,934566692243558400,Jayoberoi2,False,504,2017-11-25 23:37:17,RT @NickStevenson63: @BrexitBin @ORourkeGerry This is just the tip of the iceberg as far as UK based motorsport is concerned. 50k jobs in F‚Ä¶,,,Twitter for iPhone,False,False,0,43,"Winscombe, England"
1896,934566675676106752,24GTL,False,3,2017-11-25 23:37:13,So just how did Russian money &amp; bots influence Brexit voters concerned by their personal experiences of the immigra‚Ä¶ https://t.co/evJMADird5,,,Twitter Lite,False,False,0,0,England
1909,934566645858754560,JamesTheo,False,9374,2017-11-25 23:37:06,RT @Samfr: I wonder if there's a reason why it's so hard to find people who really understand how Govt works and also back Brexit? https://‚Ä¶,,,Twitter for iPhone,True,False,0,364,"Hampshire, UK"
1918,934566619774406657,carole99897,False,9858,2017-11-25 23:37:00,BREXIT FURY: Leaked papers reveal transitional deal CONDITIONAL on accepting NEW EU rules https://t.co/yKyuiJSca2,,,Twitter Web Client,False,False,12,23,England
1925,934566595564892160,enddjinn,False,85,2017-11-25 23:36:54,RT @libdemEdRhymist: Dear @DavidDavisMP You must publish the Brexit impact studies immediately as required by Parliament! Thank you.,,,Twitter for iPhone,False,False,0,56,
1937,934566581157236736,Regrettedzulu,False,528,2017-11-25 23:36:51,‚ÄòI thought I‚Äôd put in a protest vote‚Äô: the people who regret voting leave https://t.co/pDNBufdup8,,,Twitter for iPhone,False,False,0,0,"melbourne, australia"
1953,934566541613551616,RealityUK_2016,False,1729,2017-11-25 23:36:41,"RT @BrexitBin: Is the UK a broken society?
- Yes.
Did frustration cause many people to vote Brexit?
- Yes.
Will Brexit solve the problems?‚Ä¶",,,Twitter Web Client,False,False,0,709,London
1960,934566524618190849,MorpheusNI,False,1180,2017-11-25 23:36:37,@SocialistVoice With absolutely no authority to do so on behalf of the people of NI who voted against Brexit. Incompetence personified,SocialistVoice,9.345176816126403e+17,Twitter for Android,False,False,10,0,
1969,934566494230396928,hummeengbird,False,169,2017-11-25 23:36:30,RT @Stop_The_EU: Tony Blair wants a solution that meets the concerns of the people &amp; finds a better way forward to reverse a democratic man‚Ä¶,,,Twitter Lite,False,False,0,162,Utah
1976,934566471790981122,SempaiScuba,False,1286,2017-11-25 23:36:24,RT @SavLocal: ‚ÄòI thought I‚Äôd put in a protest vote‚Äô: the people who regret voting leave | Politics | The Guardian https://t.co/jOySrfc6n8,,,Twitter Web Client,False,False,0,3,London
1990,934566437175353344,JayCobalt61,False,85,2017-11-25 23:36:16,RT @ChukaUmunna: ‚ÄòI thought I‚Äôd put in a protest vote‚Äô: the people who regret voting leave https://t.co/t1NWI8bI5D,,,Twitter Lite,False,False,0,228,Ireland
